id,danji_name,sido,sigungu,dong,address2,new_address,house_count,dong_count,build_ym
3,강변,서울특별시,서초구,잠원동,53-15,서울 서초구 잠원로 166-17,360세대,4개동,1987년 07월
4,강변우성,서울특별시,광진구,구의동,546-7,서울 광진구 구의강변로 42,354세대,3개동,1992년 12월
5,강변현대,서울특별시,성동구,성수동2가,400,서울 성동구 둘레11길 1,123세대,2개동,1994년 03월
26,개나리4차,서울특별시,강남구,역삼동,712,서울 강남구 언주로 406,264세대,3개동,1979년 02월
30,개포럭키,서울특별시,강남구,도곡동,462,서울 강남구 남부순환로 2740,128세대,2개동,1986년 10월
31,개포우성1차,서울특별시,강남구,대치동,503,서울 강남구 선릉로 120,690세대,9개동,1983년 12월
32,개포우성4차,서울특별시,강남구,도곡동,465,서울 강남구 언주로 117,459세대,8개동,1985년 12월
33,개포우성5차,서울특별시,강남구,도곡동,463-1,서울 강남구 언주로29길 34,181세대,4개동,1986년 10월
34,개포한신,서울특별시,강남구,도곡동,464,서울 강남구 언주로 123,620세대,8개동,1985년 12월
35,방화개화,서울특별시,강서구,방화동,819,서울 강서구 금낭화로 167,462세대,7개동,1994년 03월
40,건영,서울특별시,강남구,청담동,108,서울 강남구 도산대로89길 49,240세대,2개동,1994년 09월
42,송정건영,서울특별시,성동구,송정동,90,서울 성동구 동일로 263,447세대,3개동,2000년 05월
43,건영,서울특별시,송파구,문정동,72-3,서울 송파구 새말로8길 12,545세대,5개동,1993년 01월
44,건영,서울특별시,영등포구,신길동,364,서울 영등포구 도림로 313,386세대,4개동,1985년 12월
47,건영1차,서울특별시,관악구,신림동,746-43,서울 관악구 문성로 74,492세대,3개동,1984년 10월
48,건영1차,서울특별시,금천구,시흥동,992-2,서울 금천구 시흥대로59길 35,260세대,3개동,1982년 12월
51,건영2차,서울특별시,관악구,신림동,721-2,서울 관악구 난곡로35길 28-5,338세대,4개동,1988년 01월
52,건영2차,서울특별시,금천구,시흥동,384-12,서울 금천구 독산로10길 96,619세대,3개동,1989년 10월
53,건영2차,서울특별시,노원구,중계동,515-2,서울 노원구 덕릉로 517,742세대,6개동,1991년 01월
54,건영3차,서울특별시,관악구,신림동,1703-1,서울 관악구 신림로3길 40,783세대,7개동,1996년 06월
55,건영3차,서울특별시,노원구,중계동,360-15,서울 노원구 노원로22길 71,948세대,12개동,1995년 12월
56,건영4차,서울특별시,관악구,신림동,1702-1,서울 관악구 신림로48길 17-20,236세대,3개동,1997년 05월
62,방화경남,서울특별시,강서구,방화동,207-5,서울 강서구 양천로30길 108,140세대,1개동,1991년 05월
63,경남1차,서울특별시,구로구,고척동,325,서울 구로구 경인로47길 150,163세대,1개동,1998년 01월
64,반포경남,서울특별시,서초구,반포동,1-8,서울 서초구 신반포로 137,"1,056세대",10개동,1978년 11월
65,방배경남,서울특별시,서초구,방배동,1028-1,서울 서초구 방배로 21,450세대,7개동,1980년 05월
73,경동미주,서울특별시,동대문구,제기동,892-68,서울 동대문구 정릉천동로 80,228세대,3개동,1977년 06월
79,고덕삼환,서울특별시,강동구,명일동,41,서울 강동구 고덕로62길 126,120세대,1개동,1987년 06월
80,고덕현대,서울특별시,강동구,명일동,56,서울 강동구 동남로71길 37,524세대,7개동,1986년 02월
81,공덕현대,서울특별시,마포구,공덕동,370-9,서울 마포구 마포대로11길 73,183세대,2개동,1989년 08월
86,현대,서울특별시,관악구,봉천동,1000,서울 관악구 관악로 304,"2,134세대",26개동,1992년 04월
87,광나루현대,서울특별시,광진구,광장동,567,서울 광진구 아차산로76길 27,380세대,3개동,1996년 04월
90,광장,서울특별시,영등포구,여의도동,28,서울 영등포구 여의나루로 7,744세대,10개동,1978년 05월
91,청구,서울특별시,광진구,광장동,566,서울 광진구 아차산로 499,654세대,4개동,1996년 07월
92,"현대1,2차",서울특별시,강남구,압구정동,369-1,서울 강남구 압구정로29길 71,960세대,13개동,1976년 06월
100,신반포궁전,서울특별시,서초구,반포동,65-1,서울 서초구 사평대로 142,108세대,2개동,1984년 02월
113,잠원한신그린,서울특별시,서초구,잠원동,65-8,서울 서초구 신반포로33길 71,150세대,1개동,1993년 01월
116,극동,서울특별시,강북구,수유동,553-61,서울 강북구 인수봉로 260,574세대,7개동,1992년 03월
118,극동,서울특별시,도봉구,도봉동,81-1,서울 도봉구 도봉로180길 53,205세대,2개동,1991년 12월
119,극동,서울특별시,도봉구,방학동,730,서울 도봉구 시루봉로11길 25-5,167세대,2개동,1993년 09월
120,쌍문극동,서울특별시,도봉구,쌍문동,721,서울 도봉구 노해로45길 26,315세대,4개동,1996년 08월
121,신답극동,서울특별시,동대문구,답십리동,464-1,서울 동대문구 서울시립대로 5,225세대,2개동,1987년 08월
122,극동,서울특별시,동작구,사당동,105,서울 동작구 동작대로29길 110,"1,550세대",12개동,1993년 12월
124,옥수극동,서울특별시,성동구,옥수동,428,서울 성동구 독서당로 187,900세대,8개동,1986년 12월
125,극동,서울특별시,송파구,가락동,192,서울 송파구 동남로 208,555세대,7개동,1984년 12월
127,극동1차,서울특별시,광진구,광장동,218-1,서울 광진구 아차산로 552,448세대,5개동,1985년 09월
128,광장극동2차,서울특별시,광진구,광장동,218-1,서울 광진구 아차산로 552,896세대,11개동,1989년 03월
129,극동강변,서울특별시,동작구,본동,148-2,서울 동작구 매봉로 156,123세대,1개동,1992년 03월
130,극동늘푸른,서울특별시,양천구,목동,752-1,서울 양천구 목동중앙본로 10,206세대,2개동,1998년 10월
135,금천현대,서울특별시,금천구,독산동,711-2,서울 금천구 벚꽃로 73,996세대,10개동,2002년 09월
136,금호타운,서울특별시,강서구,염창동,240-32,서울 강서구 양천로 595,290세대,4개동,1999년 04월
137,신림금호타운2차,서울특별시,관악구,신림동,1706,서울 관악구 신림로3가길 7,126세대,1개동,1998년 06월
138,중계금호타운,서울특별시,노원구,중계동,583,서울 노원구 중계로 140,424세대,3개동,1997년 01월
139,가락금호,서울특별시,송파구,가락동,95-1,서울 송파구 송파대로32길 15,915세대,8개동,1997년 08월
142,금호1차,서울특별시,도봉구,쌍문동,199-1,서울 도봉구 해등로 206,690세대,7개동,1990년 09월
143,금호2차,서울특별시,도봉구,쌍문동,산69-1,서울 도봉구 해등로 241-14,386세대,5개동,1991년 12월
144,금호,서울특별시,강북구,번동,656,서울 강북구 오현로31길 85-7,284세대,3개동,1998년 06월
146,강변금호타운,서울특별시,성동구,성수동2가,830,서울 성동구 둘레19길 7,108세대,2개동,1994년 02월
147,금호,서울특별시,양천구,목동,768-5,서울 양천구 목동중앙남로3길 11,103세대,1개동,1995년 11월
151,길훈,서울특별시,강서구,방화동,201-1,서울 강서구 양천로30길 98,112세대,1개동,1989년 12월
152,길훈,서울특별시,구로구,개봉동,312-38,서울 구로구 개봉로3가길 88-41,205세대,3개동,1988년 12월
153,길훈,서울특별시,구로구,오류동,150-42,서울 구로구 오류로8라길 20-8,198세대,4개동,1987년 07월
154,길훈,서울특별시,양천구,신월동,341-1,서울 양천구 지양로 101,290세대,5개동,1987년 11월
158,까치마을,서울특별시,강남구,수서동,746,서울 강남구 광평로19길 10,"1,403세대",7개동,1993년 09월
166,남산대림,서울특별시,용산구,이태원동,729,서울 용산구 녹사평대로 254,400세대,16개동,1994년 12월
168,녹원한신,서울특별시,서초구,잠원동,60-7,서울 서초구 잠원로4길 34-11,240세대,2개동,1995년 09월
171,뉴서울,서울특별시,관악구,신림동,739,서울 관악구 미성10길 64,120세대,2개동,1984년 07월
176,벽산늘푸른,서울특별시,강서구,염창동,290,서울 강서구 양천로63길 52,206세대,2개동,1998년 11월
184,대광,서울특별시,성북구,안암동3가,136-1,서울 성북구 안암로9나길 14,357세대,7개동,1971년 12월
185,대교,서울특별시,영등포구,여의도동,41,서울 영등포구 국제금융로7길 20,576세대,4개동,1975년 09월
187,대동,서울특별시,노원구,월계동,925,서울 노원구 광운로 46,258세대,3개동,1997년 09월
191,대림,서울특별시,서대문구,연희동,700,서울 서대문구 연희로 204,220세대,3개동,1993년 09월
192,대림,서울특별시,서초구,우면동,57,서울 서초구 바우뫼로7길 51,412세대,6개동,1995년 03월
193,가락대림,서울특별시,송파구,가락동,70-19,서울 송파구 송이로 88,443세대,4개동,1988년 11월
194,대림,서울특별시,송파구,방이동,217,서울 송파구 양재대로 1109,480세대,6개동,1985년 02월
195,대림,서울특별시,송파구,오금동,2,서울 송파구 위례성대로 158,749세대,7개동,1988년 12월
196,대림,서울특별시,용산구,이촌동,395,서울 용산구 이촌로2가길 122,638세대,4개동,1994년 11월
197,대림,서울특별시,은평구,녹번동,276,서울 은평구 통일로 590,370세대,3개동,1993년 09월
200,대림,서울특별시,강남구,도곡동,960,서울 강남구 남부순환로365길 16,197세대,2개동,1992년 11월
201,등촌대림,서울특별시,강서구,등촌동,694,서울 강서구 공항대로39길 100,680세대,8개동,1995년 07월
202,화곡대림,서울특별시,강서구,화곡동,361-1,서울 강서구 월정로 160,416세대,5개동,1992년 08월
203,진로대림,서울특별시,노원구,중계동,78,서울 노원구 중계로14가길 5,192세대,1개동,1992년 06월
204,대방대림,서울특별시,동작구,대방동,501,서울 동작구 여의대방로 250,"1,628세대",14개동,1993년 11월
205,대림,서울특별시,동작구,사당동,169-8,서울 동작구 사당로17길 52,"1,152세대",12개동,1990년 08월
206,대림경동,서울특별시,강서구,가양동,1474,서울 강서구 허준로 121,540세대,6개동,1993년 09월
208,대림,서울특별시,양천구,신정동,333,서울 양천구 신목로5길 9,210세대,2개동,1992년 11월
211,대림1차,서울특별시,성동구,응봉동,100,서울 성동구 독서당로 398,855세대,10개동,1986년 10월
214,대림2차,서울특별시,성동구,응봉동,97,서울 성동구 독서당로 419,410세대,3개동,1989년 09월
215,대림2차,서울특별시,양천구,목동,405,서울 양천구 목동동로12길 23,262세대,2개동,1994년 06월
219,대림역삼,서울특별시,강남구,역삼동,761-10,서울 강남구 언주로 316,129세대,1개동,1997년 10월
223,동신대아,서울특별시,강서구,가양동,1459,서울 강서구 강서로 532,660세대,10개동,1993년 06월
224,경남아너스빌,서울특별시,동작구,사당동,1134,서울 동작구 사당로9가길 82,340세대,3개동,1997년 02월
225,대아,서울특별시,동작구,사당동,1135,서울 동작구 사당로 165,120세대,1개동,1998년 05월
230,고척대우,서울특별시,구로구,고척동,296,서울 구로구 고척로52길 48,987세대,13개동,1999년 02월
231,창동대우,서울특별시,도봉구,창동,804,서울 도봉구 덕릉로59아길 17,952세대,7개동,1995년 11월
234,성수대우1차,서울특별시,성동구,성수동2가,279-50,서울 성동구 동일로 143,108세대,1개동,1999년 04월
240,대우효령,서울특별시,서초구,방배동,1038,서울 서초구 효령로 84,364세대,6개동,1992년 11월
241,대웅,서울특별시,도봉구,쌍문동,13-2,서울 도봉구 도당로 18,160세대,4개동,1989년 08월
244,대원그린,서울특별시,도봉구,방학동,444-31,서울 도봉구 방학로 212-11,220세대,2개동,1987년 06월
248,대청,서울특별시,강남구,개포동,12,서울 강남구 개포로109길 21,822세대,6개동,1992년 10월
249,대치2단지,서울특별시,강남구,개포동,12,서울 강남구 개포로109길 21,"1,753세대",11개동,1992년 10월
258,도시개발2단지,서울특별시,강서구,방화동,839,서울 강서구 방화대로48길 40,"2,547세대",18개동,1993년 10월
259,가양성지2단지,서울특별시,강서구,가양동,1461,서울 강서구 허준로 47,"1,624세대",10개동,1992년 11월
260,방화5단지,서울특별시,강서구,방화동,814,서울 강서구 금낭화로 287-19,"1,372세대",6개동,1994년 08월
261,가양6단지,서울특별시,강서구,가양동,1485,서울 강서구 허준로 175,"1,476세대",15개동,1992년 11월
262,가양9단지,서울특별시,강서구,가양동,1490,서울 강서구 허준로 234,"1,005세대",6개동,1993년 02월
263,독립문삼호,서울특별시,서대문구,영천동,100,서울 서대문구 독립문로 10,895세대,8개동,1995년 06월
273,동보,서울특별시,영등포구,양평동5가,9-1,서울 영등포구 영등포로 88-1,184세대,2개동,1998년 10월
276,동부센트레빌,서울특별시,강남구,역삼동,716,서울 강남구 선릉로 423,206세대,1개동,1998년 04월
277,동부,서울특별시,노원구,공릉동,705,서울 노원구 공릉로 204,295세대,4개동,1996년 04월
279,동부1차,서울특별시,구로구,오류동,336,서울 구로구 경인로 248-14,252세대,3개동,1998년 07월
280,청담래미안로이뷰,서울특별시,강남구,청담동,134,서울 강남구 영동대로142길 16,177세대,1개동,2014년 01월
282,등촌동성,서울특별시,강서구,등촌동,691-1,서울 강서구 강서로68길 108,457세대,6개동,1995년 11월
283,동성,서울특별시,강서구,방화동,817,서울 강서구 금낭화로23길 8,686세대,9개동,1993년 12월
286,동신,서울특별시,성북구,하월곡동,219,서울 성북구 오패산로3길 17,746세대,5개동,1998년 07월
287,동신,서울특별시,노원구,월계동,436,서울 노원구 광운로2나길 30,864세대,7개동,1983년 07월
288,도곡쌍용예가,서울특별시,강남구,도곡동,933,서울 강남구 남부순환로363길 30,384세대,5개동,2015년 11월
291,동아,서울특별시,강동구,둔촌동,621,서울 강동구 동남로49길 60-5,170세대,2개동,1997년 12월
293,상일동아,서울특별시,강동구,상일동,473,서울 강동구 상암로 405,186세대,1개동,1997년 06월
300,거여2단지효성동아,서울특별시,송파구,거여동,291,서울 송파구 양산로8길 18,478세대,11개동,1997년 12월
301,포스코더샵,서울특별시,강남구,대치동,902,서울 강남구 삼성로 417,276세대,4개동,2004년 09월
302,동아1차,서울특별시,강서구,염창동,292,서울 강서구 양천로69길 58,778세대,5개동,1998년 06월
304,염창동아3차,서울특별시,강서구,염창동,258-1,서울 강서구 양천로 731,570세대,8개동,1999년 01월
305,그린,서울특별시,용산구,이촌동,411,서울 용산구 이촌로 100-8,499세대,6개동,1999년 05월
307,동아,서울특별시,성동구,성수동1가,656-320,서울 성동구 왕십리로 80,390세대,3개동,1983년 09월
310,동고,서울특별시,서초구,우면동,59,서울 서초구 바우뫼로7길 27,330세대,5개동,1995년 03월
313,동익,서울특별시,강남구,수서동,738,서울 강남구 광평로39길 3,330세대,4개동,1993년 11월
314,동익미라벨,서울특별시,도봉구,쌍문동,285-5,서울 도봉구 우이천로32길 65,495세대,4개동,1987년 05월
315,동인,서울특별시,구로구,개봉동,335-1,서울 구로구 서해안로34가길 22,104세대,1개동,1989년 10월
316,동진,서울특별시,노원구,중계동,103,서울 노원구 중계로16나길 11,210세대,2개동,1988년 09월
318,동현,서울특별시,강남구,논현동,105,서울 강남구 언주로146길 18,548세대,6개동,1986년 10월
323,두산,서울특별시,구로구,개봉동,472,서울 구로구 남부순환로95길 88,561세대,2개동,1997년 09월
324,두산위브,서울특별시,금천구,가산동,769,서울 금천구 가산로 99,"1,495세대",18개동,1998년 03월
325,두산,서울특별시,서대문구,홍은동,456,서울 서대문구 모래내로 309,294세대,3개동,1997년 10월
326,두산,서울특별시,성북구,석관동,10,서울 성북구 화랑로48길 16,"1,998세대",25개동,1998년 04월
332,신성,서울특별시,은평구,신사동,155-1,서울 은평구 증산로15길 67-7,238세대,2개동,1988년 06월
334,라인,서울특별시,강동구,길동,365-1,서울 강동구 천중로50길 48-12,128세대,1개동,1998년 09월
335,라인,서울특별시,강서구,등촌동,628-15,서울 강서구 화곡로68길 33,317세대,3개동,1997년 10월
336,럭키,서울특별시,금천구,시흥동,1002-1,서울 금천구 시흥대로47길 43,986세대,9개동,1982년 02월
337,럭키,서울특별시,도봉구,도봉동,595,서울 도봉구 도봉로 851,630세대,5개동,1992년 09월
338,대현럭키,서울특별시,서대문구,대현동,144,서울 서대문구 이화여대길 50-12,855세대,10개동,1999년 02월
341,롯데우성,서울특별시,노원구,중계동,361-1,서울 노원구 노원로22길 34,568세대,8개동,1993년 07월
345,마포현대,서울특별시,마포구,공덕동,188-108,서울 마포구 마포대로11길 84,480세대,5개동,1988년 05월
346,매봉삼성,서울특별시,강남구,도곡동,966,서울 강남구 언주로 203,132세대,1개동,1999년 01월
353,명일삼환,서울특별시,강동구,명일동,47,서울 강동구 고덕로62길 27,306세대,2개동,1992년 06월
355,목동신시가지10단지,서울특별시,양천구,신정동,311,서울 양천구 목동서로 400,"2,161세대",34개동,1987년 07월
356,목동신시가지12단지,서울특별시,양천구,신정동,326,서울 양천구 목동동로 50,"1,860세대",26개동,1988년 10월
357,목동신시가지13단지,서울특별시,양천구,신정동,327,서울 양천구 목동동로 100,2280세대,33개동,1987년 07월
358,목동신시가지14단지,서울특별시,양천구,신정동,329,서울 양천구 목동동로 130,"3,100세대",34개동,1987년 07월
359,목동신시가지2단지,서울특별시,양천구,목동,902,서울 양천구 목동서로 70,"1,640세대",37개동,1986년 09월
360,목동신시가지3단지,서울특별시,양천구,목동,903,서울 양천구 목동서로 100,"1,588세대",30개동,1986년 09월
361,목동신시가지4단지,서울특별시,양천구,목동,904,서울 양천구 목동서로 130,"1,382세대",16개동,1986년 09월
362,목동신시가지5단지,서울특별시,양천구,목동,912,서울 양천구 목동동로 350,"1,848세대",36개동,1986년 09월
363,목동신시가지6단지,서울특별시,양천구,목동,911,서울 양천구 목동동로 430,"1,368세대",15개동,1986년 11월
364,목동신시가지8단지,서울특별시,양천구,신정동,314,서울 양천구 목동서로 280,"1,352세대",12개동,1987년 09월
365,목동신시가지9단지,서울특별시,양천구,신정동,312,서울 양천구 목동서로 340,"2,030세대",32개동,1987년 07월
370,목련타운,서울특별시,강남구,일원동,716,서울 강남구 광평로19길 15,650세대,8개동,1993년 09월
371,목화,서울특별시,영등포구,여의도동,30,서울 영등포구 여의나루로 126,312세대,2개동,1977년 10월
382,무지개,서울특별시,금천구,시흥동,109-1,서울 금천구 시흥대로73길 11,639세대,5개동,1980년 12월
394,무학현대,서울특별시,성동구,하왕십리동,992,서울 성동구 무학봉길 49,277세대,3개동,1996년 03월
410,반포미도1차,서울특별시,서초구,반포동,60-4,서울 서초구 서초중앙로29길 28,"1,260세대",8개동,1987년 06월
413,반포미도2차,서울특별시,서초구,반포동,60-5,서울 서초구 사평대로 240,435세대,3개동,1989년 05월
416,미륭미성삼호3차,서울특별시,노원구,월계동,13,서울 노원구 마들로 111,"3,930세대",32개동,1986년 06월
420,미성,서울특별시,관악구,신림동,1656,서울 관악구 조원로2길 13,280세대,2개동,1982년 10월
421,미성,서울특별시,구로구,신도림동,290,서울 구로구 신도림로11가길 36,837세대,6개동,1989년 07월
422,미성,서울특별시,노원구,하계동,280,서울 노원구 공릉로59길 28,685세대,6개동,1989년 06월
423,미성맨션,서울특별시,서대문구,홍은동,186-1,서울 서대문구 연희로41길 102,300세대,4개동,1985년 03월
424,미성,서울특별시,송파구,신천동,17-6,서울 송파구 오금로 45,"1,230세대",9개동,1980년 12월
425,미성맨션,서울특별시,송파구,풍납동,219,서울 송파구 풍성로 14,275세대,4개동,1985년 06월
426,미성,서울특별시,영등포구,여의도동,37-1,서울 영등포구 의사당대로 110,577세대,5개동,1978년 05월
427,라이프미성,서울특별시,은평구,불광동,248,서울 은평구 통일로 780,"1,342세대",10개동,1988년 10월
428,미성맨션,서울특별시,송파구,송파동,161,서울 송파구 오금로24길 13,378세대,5개동,1985년 01월
431,미주,서울특별시,동대문구,청량리동,235-1,서울 동대문구 약령시로 147,"1,089세대",8개동,1978년 09월
432,미주진로,서울특별시,강서구,등촌동,701,서울 강서구 공항대로 351-21,488세대,8개동,1994년 10월
438,반도,서울특별시,용산구,이촌동,301-170,서울 용산구 이촌로 324-10,192세대,2개동,1977년 01월
440,밤섬현대,서울특별시,마포구,현석동,220,서울 마포구 신수로3길 19,219세대,2개동,1999년 07월
441,배재현대,서울특별시,강동구,고덕동,312,서울 강동구 고덕로61길 35,448세대,4개동,1995년 11월
460,수유벽산1차,서울특별시,강북구,수유동,205,서울 강북구 삼각산로 143-1,"1,454세대",13개동,1993년 11월
462,벽산1차,서울특별시,도봉구,방학동,275,서울 도봉구 방학로11길 30,489세대,4개동,1991년 09월
463,양평벽산블루밍,서울특별시,영등포구,양평동2가,23,서울 영등포구 선유서로21길 15,417세대,3개동,1990년 11월
478,부영,서울특별시,강서구,등촌동,691-3,서울 강서구 강서로56나길 110,712세대,7개동,1994년 12월
483,산장,서울특별시,성북구,정릉동,780,서울 성북구 보국문로 167,264세대,2개동,1977년 12월
484,산호,서울특별시,용산구,원효로4가,118-16,서울 용산구 원효로 64,554세대,6개동,1977년 04월
489,삼두,서울특별시,영등포구,신길동,2-3,서울 영등포구 여의대방로61길 19,160세대,1개동,1987년 12월
494,행당삼부,서울특별시,성동구,행당동,147,서울 성동구 왕십리로 278-17,498세대,7개동,1998년 07월
495,돈암삼부,서울특별시,성북구,길음동,1276,서울 성북구 동소문로 248,684세대,6개동,1998년 02월
496,삼부,서울특별시,영등포구,여의도동,30-2,서울 영등포구 국제금융로7길 15,873세대,10개동,1975년 12월
503,청담삼성1차,서울특별시,강남구,청담동,33,서울 강남구 삼성로133길 20,158세대,1개동,1997년 12월
504,삼성,서울특별시,광진구,자양동,787,서울 광진구 뚝섬로36가길 15,375세대,4개동,1999년 04월
505,삼성래미안,서울특별시,도봉구,창동,45,서울 도봉구 노해로66길 21,"1,668세대",18개동,1992년 07월
506,삼성,서울특별시,마포구,도화동,550,서울 마포구 도화4길 62,982세대,14개동,1997년 05월
507,삼성,서울특별시,송파구,오금동,160,서울 송파구 문정로 195,215세대,2개동,1989년 05월
508,당산삼성2차,서울특별시,영등포구,당산동4가,94-1,서울 영등포구 ,392세대,4개동,1997년 09월
509,삼성래미안,서울특별시,영등포구,신길동,4934,서울 영등포구 가마산로79길 7,"1,213세대",13개동,2001년 06월
512,삼성1차,서울특별시,광진구,광장동,561,서울 광진구 아차산로70길 17-17,165세대,1개동,1987년 12월
513,삼성2차,서울특별시,광진구,광장동,453-1,서울 광진구 아차산로 544,195세대,2개동,1989년 02월
514,경남아너스빌,서울특별시,영등포구,영등포동7가,46-1,서울 영등포구 영등포로37길 23,600세대,8개동,1998년 11월
516,관음삼성,서울특별시,강서구,염창동,268,서울 강서구 양천로 656,350세대,3개동,1997년 08월
517,삼성꽃마을,서울특별시,강서구,방화동,858,서울 강서구 양천로18길 27,206세대,3개동,1997년 10월
521,삼성하나로,서울특별시,강서구,염창동,248-3,서울 강서구 양천로73길 5,178세대,1개동,1994년 02월
522,한마음삼성,서울특별시,강서구,염창동,244-2,서울 강서구 양천로 637,330세대,5개동,1995년 07월
523,삼성한아름,서울특별시,강서구,염창동,264-27,서울 강서구 양천로 686-5,140세대,1개동,1993년 07월
528,삼익,서울특별시,서초구,방배동,1018-1,서울 서초구 효령로34길 59,408세대,4개동,1982년 05월
529,삼익,서울특별시,성북구,안암동3가,135,서울 성북구 인촌로7다길 23,204세대,3개동,1983년 06월
530,가락삼익맨숀,서울특별시,송파구,송파동,166,서울 송파구 오금로 252,936세대,14개동,1984년 12월
531,목동삼익,서울특별시,양천구,목동,933,서울 양천구 목동동로12길 45,277세대,3개동,1997년 06월
532,삼익,서울특별시,영등포구,당산동3가,394,서울 영등포구 국회대로 552,176세대,2개동,1979년 05월
533,삼익,서울특별시,영등포구,여의도동,51,서울 영등포구 국제금융로 109,360세대,4개동,1974년 10월
534,삼익,서울특별시,용산구,이촌동,300-301,서울 용산구 이촌로 260,252세대,2개동,1979년 12월
539,삼익,서울특별시,강남구,수서동,708,서울 강남구 광평로51길 27,645세대,5개동,1992년 10월
540,삼익,서울특별시,강남구,청담동,134-18,서울 강남구 학동로 609,888세대,12개동,1980년 04월
541,삼익,서울특별시,강동구,천호동,288-5,서울 강동구 상암로12길 13,150세대,1개동,1997년 12월
542,방화4단지,서울특별시,강서구,방화동,831,서울 강서구 방화대로47가길 22,680세대,13개동,1994년 08월
543,삼익,서울특별시,금천구,가산동,234-46,서울 금천구 두산로9길 56,210세대,2개동,1998년 07월
544,삼익,서울특별시,노원구,공릉동,737,서울 노원구 공릉로46길 28,845세대,8개동,1995년 09월
546,신촌삼익,서울특별시,마포구,신수동,450,서울 마포구 신수로 105,391세대,4개동,1997년 04월
547,삼익선경,서울특별시,노원구,하계동,255-1,서울 노원구 노원로 214,396세대,6개동,1993년 06월
549,삼익가든,서울특별시,강동구,명일동,270,서울 강동구 상암로 214,768세대,10개동,1984년 11월
553,삼익세라믹,서울특별시,도봉구,방학동,274,서울 도봉구 도당로 37,476세대,4개동,1988년 07월
554,삼익세라믹,서울특별시,도봉구,쌍문동,56,서울 도봉구 해등로 169,"1,541세대",14개동,1988년 12월
555,삼익파크맨숀,서울특별시,강동구,길동,54,서울 강동구 명일로 293,"1,092세대",12개동,1982년 09월
558,삼천리,서울특별시,구로구,오류동,340,서울 구로구 경인로8길 75,423세대,4개동,1998년 11월
559,삼풍,서울특별시,서초구,서초동,1685,서울 서초구 서초중앙로 200,"2,390세대",24개동,1988년 07월
564,삼호,서울특별시,구로구,개봉동,471,서울 구로구 남부순환로95길 16,369세대,2개동,1996년 12월
565,상도삼호,서울특별시,동작구,상도동,408,서울 동작구 상도로 399,682세대,5개동,1994년 02월
566,북가좌삼호,서울특별시,서대문구,북가좌동,449,서울 서대문구 거북골로 154,616세대,4개동,1996년 02월
567,양평삼호,서울특별시,영등포구,양평동3가,66,서울 영등포구 선유동1로 71,213세대,1개동,1998년 05월
568,가든맨션3차,서울특별시,서초구,반포동,32-8,서울 서초구 서초중앙로 206,424세대,6개동,1982년 11월
570,삼호가든맨션5차,서울특별시,서초구,반포동,30-1,서울 서초구 서초중앙로 242,168세대,3개동,1986년 02월
576,삼환,서울특별시,구로구,개봉동,470,서울 구로구 남부순환로95길 54,783세대,6개동,1995년 11월
577,삼환도봉,서울특별시,도봉구,도봉동,87,서울 도봉구 도봉로180길 6-119,660세대,4개동,1987년 10월
578,가락삼환,서울특별시,송파구,가락동,176,서울 송파구 오금로 432,648세대,9개동,1985년 06월
579,삼환,서울특별시,영등포구,신길동,897-1,서울 영등포구 여의대방로43라길 9,"1,174세대",11개동,1997년 05월
580,영등포삼환,서울특별시,영등포구,영등포동8가,76-1,서울 영등포구 ,520세대,7개동,1999년 05월
588,상록수,서울특별시,강남구,일원동,734,서울 강남구 광평로10길 15,740세대,22개동,1993년 03월
594,사당휴먼시아,서울특별시,동작구,사당동,1154,서울 동작구 사당로16길 96,480세대,8개동,2009년 03월
595,경남롯데상아,서울특별시,노원구,중계동,505,서울 노원구 섬밭로 263,"1,890세대",15개동,1989년 06월
597,상아2차,서울특별시,강남구,삼성동,19-4,서울 강남구 삼성로 649,478세대,4개동,1981년 11월
598,상아2차,서울특별시,송파구,오금동,165,서울 송파구 오금로 407,750세대,6개동,1988년 11월
600,상우,서울특별시,구로구,개봉동,473,서울 구로구 남부순환로97길 50,188세대,2개동,1997년 12월
603,엠브이,서울특별시,서초구,반포동,46,서울 서초구 고무래로10길 39,154세대,1개동,1994년 07월
607,샘터마을,서울특별시,강남구,일원동,718,서울 강남구 일원로 120,628세대,9개동,1994년 02월
613,치현마을서광,서울특별시,강서구,방화동,860,서울 강서구 양천로27길 129,284세대,5개동,1998년 08월
614,서광,서울특별시,노원구,월계동,922,서울 노원구 마들로1길 44,274세대,4개동,1994년 10월
615,서울,서울특별시,영등포구,여의도동,21-1,서울 영등포구 여의나루로 121,192세대,2개동,1976년 09월
616,서울가든,서울특별시,구로구,고척동,141-1,서울 구로구 중앙로5길 62,715세대,5개동,1989년 07월
617,서울가든,서울특별시,도봉구,도봉동,555,서울 도봉구 도봉산길 35,348세대,3개동,1987년 07월
618,서울가든,서울특별시,동대문구,휘경동,49-5,서울 동대문구 겸재로 24,160세대,1개동,1985년 12월
621,유원서초,서울특별시,서초구,서초동,1687,서울 서초구 서초중앙로24길 43,590세대,4개동,1993년 11월
631,석탑,서울특별시,강남구,삼성동,3-3,서울 강남구 학동로 412,139세대,1개동,1996년 04월
635,"선경1,2차",서울특별시,강남구,대치동,506,서울 강남구 삼성로 151,"1,034세대",12개동,1983년 12월
637,선경종암,서울특별시,성북구,종암동,34-3,서울 성북구 종암로5길 26,238세대,2개동,1996년 09월
639,코오롱1차,서울특별시,강동구,성내동,196-8,서울 강동구 천호대로168길 25,257세대,2개동,1999년 05월
640,현대,서울특별시,성동구,성수동1가,676-5,서울 성동구 서울숲길 25,217세대,3개동,1990년 09월
642,성안마을청구,서울특별시,강동구,성내동,295,서울 강동구 풍성로 114-1,349세대,2개동,2002년 07월
644,성원,서울특별시,도봉구,쌍문동,53,서울 도봉구 해등로 242-11,498세대,7개동,1989년 10월
645,성원,서울특별시,동작구,대방동,500,서울 동작구 여의대방로 256,487세대,3개동,1994년 01월
646,성원,서울특별시,영등포구,당산동5가,40,서울 영등포구 양평로 57,205세대,2개동,1997년 10월
647,성원,서울특별시,영등포구,대림동,650,서울 영등포구 대림로 256,220세대,2개동,1995년 10월
648,성원,서울특별시,영등포구,양평동4가,12,서울 영등포구 영등포로6길 5,372세대,2개동,1993년 07월
649,북한강,서울특별시,용산구,이촌동,422,서울 용산구 이촌로2가길 66,340세대,2개동,2001년 08월
651,성원,서울특별시,강북구,우이동,1,서울 강북구 삼양로 658,262세대,2개동,1990년 10월
653,성원2차,서울특별시,양천구,목동,709-2,서울 양천구 목동중앙남로 100,423세대,4개동,2000년 12월
658,성지,서울특별시,금천구,시흥동,산173-8,서울 금천구 시흥대로51길 55,233세대,2개동,1986년 08월
659,성지,서울특별시,송파구,송파동,171,서울 송파구 송이로12길 11,298세대,2개동,1992년 12월
663,세림,서울특별시,성동구,마장동,784,서울 성동구 마장로42길 14,811세대,9개동,1986년 12월
676,송산,서울특별시,성북구,동소문동4가,279,서울 성북구 동소문로13길 39-20,345세대,3개동,1998년 06월
679,수정,서울특별시,영등포구,여의도동,32,서울 영등포구 국제금융로7길 1,329세대,3개동,1976년 07월
693,정릉스카이쌍용,서울특별시,성북구,정릉동,1014,서울 성북구 북악산로 828,406세대,3개동,1999년 02월
694,시범,서울특별시,영등포구,여의도동,50,서울 영등포구 63로 45,"1,790세대",24개동,1971년 12월
695,시범,서울특별시,용산구,이촌동,206-27,서울 용산구 이촌로14길 11-6,190세대,9개동,1970년 10월
701,문정시영,서울특별시,송파구,문정동,145,서울 송파구 송이로31길 52,"1,316세대",10개동,1989년 03월
702,신월시영,서울특별시,양천구,신월동,987-1,서울 양천구 신월로 99,"2,256세대",20개동,1988년 04월
704,거여1단지,서울특별시,송파구,거여동,290,서울 송파구 양산로8길 4,"1,004세대",6개동,1997년 11월
707,거여4단지,서울특별시,송파구,거여동,293,서울 송파구 양산로4길 8,546세대,6개동,1997년 08월
708,공릉삼익4단지,서울특별시,노원구,공릉동,714,서울 노원구 동일로 1116,525세대,4개동,1994년 12월
709,거여5단지,서울특별시,송파구,거여동,294,서울 송파구 양산로4길 16,605세대,6개동,1997년 07월
710,장미,서울특별시,노원구,하계동,273,서울 노원구 섬밭로 190,"1,880세대",15개동,1989년 10월
711,청솔,서울특별시,노원구,하계동,274,서울 노원구 공릉로59길 25,"1,192세대",8개동,1989년 10월
717,신답경남,서울특별시,동대문구,답십리동,645-8,서울 동대문구 천호대로47길 62,225세대,1개동,1991년 06월
722,신동아,서울특별시,강동구,명일동,44,서울 강동구 고덕로 240,570세대,7개동,1986년 02월
723,신동아,서울특별시,강서구,방화동,796,서울 강서구 방화대로37길 15,224세대,2개동,1995년 12월
724,신동아,서울특별시,강서구,염창동,289,서울 강서구 양천로67길 32,348세대,3개동,1995년 12월
725,신동아,서울특별시,관악구,신림동,산28-9,서울 관악구 신림로11길 151,107세대,1개동,1994년 01월
726,신동아,서울특별시,동작구,신대방동,360-17,서울 동작구 여의대방로22아길 22,171세대,1개동,1993년 01월
727,신동아,서울특별시,서초구,방배동,988-1,서울 서초구 효령로 164,493세대,6개동,1982년 10월
728,신동아,서울특별시,성동구,응봉동,275,서울 성동구 독서당로 375,434세대,4개동,1996년 04월
729,신동아,서울특별시,성동구,행당동,344,서울 성동구 독서당로 441,636세대,9개동,1995년 05월
730,신동아,서울특별시,송파구,풍납동,220-2,서울 송파구 풍성로6길 15,135세대,1개동,1993년 12월
731,신동아,서울특별시,영등포구,양평동1가,20,서울 영등포구 선유서로 76,495세대,4개동,1982년 04월
732,신동아,서울특별시,용산구,보광동,448,서울 용산구 보광로 14,226세대,2개동,1992년 09월
733,신동아,서울특별시,용산구,서빙고동,241-21,서울 용산구 이촌로 347,"1,326세대",15개동,1984년 06월
734,신동아,서울특별시,은평구,응암동,197-78,서울 은평구 백련산로 127,206세대,2개동,1990년 09월
738,논현신동아파밀리에,서울특별시,강남구,논현동,22,서울 강남구 강남대로146길 28,644세대,6개동,1997년 07월
739,신동아,서울특별시,강남구,수서동,736,서울 강남구 광평로47길 17,"1,162세대",8개동,1992년 10월
740,신동아1단지,서울특별시,도봉구,방학동,271-1,서울 도봉구 시루봉로 107,"3,169세대",30개동,1986년 12월
741,"신동아1,2차",서울특별시,강동구,길동,160,서울 강동구 천중로 254,969세대,11개동,1983년 06월
743,신동아2단지,서울특별시,도봉구,방학동,531,서울 도봉구 방학로15길 40,660세대,9개동,1992년 09월
744,신동아3단지,서울특별시,도봉구,방학동,530,서울 도봉구 방학로15길 26,210세대,3개동,1992년 09월
746,신동아4단지,서울특별시,도봉구,방학동,732,서울 도봉구 방학로 200,361세대,3개동,1995년 05월
748,신동아5단지,서울특별시,도봉구,방학동,738,서울 도봉구 방학로12길 53,153세대,1개동,1998년 10월
754,신림현대,서울특별시,관악구,신림동,1694,서울 관악구 신림로29길 3-20,"1,634세대",12개동,1993년 05월
766,현대,서울특별시,강남구,압구정동,426,서울 강남구 압구정로 151,"1,924세대",27개동,1982년 05월
770,뉴신사신성,서울특별시,은평구,신사동,356,서울 은평구 은평터널로 163,167세대,2개동,1993년 11월
771,신성수정,서울특별시,은평구,신사동,358,서울 은평구 은평터널로7길 2,180세대,1개동,1996년 12월
773,신안동진,서울특별시,노원구,중계동,364,서울 노원구 중계로 195,468세대,7개동,1993년 05월
775,신안파크,서울특별시,양천구,신월동,350-2,서울 양천구 지양로15길 20,485세대,11개동,1987년 12월
785,신창,서울특별시,도봉구,창동,810,서울 도봉구 덕릉로62길 13,609세대,5개동,1998년 07월
786,신트리1단지,서울특별시,양천구,신정동,1259,서울 양천구 신정로 293,997세대,9개동,1999년 05월
792,신현대,서울특별시,동대문구,회기동,65,서울 동대문구 이문로1길 21,736세대,8개동,1989년 05월
794,신화,서울특별시,서초구,잠원동,54-7,서울 서초구 잠원로14길 54,166세대,1개동,1997년 10월
800,쌍용,서울특별시,관악구,신림동,1686,서울 관악구 미성길 122,373세대,3개동,1998년 02월
801,쌍용,서울특별시,도봉구,창동,807,서울 도봉구 마들로 551,"1,352세대",15개동,1997년 02월
802,한강쌍용,서울특별시,동작구,본동,150,서울 동작구 노량진로24길 2,161세대,2개동,1999년 04월
803,성수동아그린,서울특별시,성동구,성수동1가,708,서울 성동구 상원10다길 26,331세대,2개동,1999년 06월
804,가락쌍용1차,서울특별시,송파구,가락동,140,서울 송파구 동남로 189,"2,065세대",14개동,1997년 03월
805,쌍용,서울특별시,송파구,풍납동,401-1,서울 송파구 올림픽로47길 9,417세대,3개동,1994년 07월
806,쌍용,서울특별시,양천구,신정동,334,서울 양천구 신목로 16,270세대,2개동,1992년 11월
811,대치쌍용1차,서울특별시,강남구,대치동,66,서울 강남구 영동대로 210,630세대,5개동,1983년 03월
814,아남,서울특별시,강동구,고덕동,486,서울 강동구 양재대로 1706,807세대,8개동,1996년 03월
815,아남,서울특별시,성북구,보문동6가,36-2,서울 성북구 보문로23길 17,218세대,3개동,1994년 10월
816,아남,서울특별시,성북구,하월곡동,218,서울 성북구 종암로36길 52,198세대,1개동,1996년 12월
817,아남,서울특별시,송파구,오금동,67,서울 송파구 성내천로6길 1,299세대,2개동,1992년 09월
821,아시아선수촌,서울특별시,송파구,잠실동,86,서울 송파구 올림픽로4길 15,"1,356세대",18개동,1986년 06월
827,양지대림,서울특별시,노원구,중계동,587,서울 노원구 덕릉로71길 30,508세대,5개동,1998년 12월
828,신안,서울특별시,노원구,중계동,590,서울 노원구 덕릉로 595,250세대,2개동,1999년 06월
830,역삼럭키,서울특별시,강남구,도곡동,963,서울 강남구 논현로 213,"1,094세대",10개동,1995년 12월
831,역삼우성,서울특별시,강남구,도곡동,934-10,서울 강남구 남부순환로363길 49,390세대,2개동,1986년 10월
835,염광,서울특별시,노원구,중계동,445,서울 노원구 덕릉로79길 23,791세대,5개동,1996년 06월
836,쌍문염광,서울특별시,도봉구,쌍문동,722,서울 도봉구 우이천로30길 28,103세대,1개동,1997년 12월
850,영화,서울특별시,구로구,개봉동,475,서울 구로구 경인로40길 11,372세대,2개동,1998년 09월
858,하계1차청구,서울특별시,노원구,하계동,251,서울 노원구 한글비석로 89,700세대,10개동,1997년 06월
860,올림픽베어스타운,서울특별시,송파구,방이동,171,서울 송파구 위례성대로 58,140세대,2개동,1996년 04월
861,왕궁,서울특별시,용산구,이촌동,300-11,서울 용산구 이촌로88길 15,250세대,5개동,1974년 12월
867,길동우성,서울특별시,강동구,길동,400,서울 강동구 천호대로187길 74,811세대,6개동,1994년 10월
868,명일우성,서울특별시,강동구,명일동,42,서울 강동구 고덕로62길 58,572세대,8개동,1986년 05월
869,천호우성,서울특별시,강동구,천호동,19-1,서울 강동구 구천면로 366,479세대,6개동,1985년 02월
870,가양우성,서울특별시,강서구,가양동,14-3,서울 강서구 양천로 489,414세대,4개동,1990년 10월
871,우성,서울특별시,동대문구,전농동,6,서울 동대문구 사가정로 190,"1,234세대",15개동,1992년 03월
872,우성,서울특별시,동작구,노량진동,323,서울 동작구 만양로8길 50,901세대,7개동,1997년 12월
873,우성,서울특별시,마포구,도화동,82,서울 마포구 삼개로 38,"1,222세대",15개동,1991년 03월
874,방배우성,서울특별시,서초구,방배동,2525,서울 서초구 과천대로 946,468세대,9개동,1991년 05월
875,우성,서울특별시,서초구,양재동,154-2,서울 서초구 바우뫼로 89,848세대,12개동,1991년 11월
877,우성,서울특별시,양천구,목동,200,서울 양천구 목동중앙로 143,332세대,4개동,1992년 04월
878,이촌우성,서울특별시,용산구,이촌동,399-1,서울 용산구 이촌로 193,243세대,2개동,1995년 12월
879,응암우성,서울특별시,은평구,응암동,694-1,서울 은평구 가좌로7나길 30,292세대,4개동,1988년 07월
888,"우성1,2,3차",서울특별시,송파구,잠실동,101-1,서울 송파구 올림픽로4길 40,"1,842세대",26개동,1981년 12월
889,우성1차,서울특별시,구로구,신도림동,312-17,서울 구로구 신도림로 110,169세대,2개동,1992년 12월
891,염창우성1차,서울특별시,강서구,염창동,66-9,서울 강서구 양천로67길 77,339세대,4개동,1990년 11월
892,우성1차,서울특별시,동작구,신대방동,565,서울 동작구 여의대방로 22,"1,335세대",16개동,1988년 09월
893,우성1차,서울특별시,서초구,서초동,1336,서울 서초구 사임당로 158,786세대,11개동,1979년 03월
894,신길우성1차,서울특별시,영등포구,신길동,365,서울 영등포구 도신로 68,688세대,6개동,1986년 09월
895,우성2단지,서울특별시,동작구,사당동,105,서울 동작구 동작대로29길 110,"1,080세대",8개동,1993년 12월
898,대치래미안하이스턴,서울특별시,강남구,대치동,985,서울 강남구 도곡로93길 12,354세대,5개동,2014년 02월
899,염창우성2차,서울특별시,강서구,염창동,287-1,서울 강서구 양천로67길 54,186세대,1개동,1992년 05월
900,우성2차,서울특별시,도봉구,방학동,508,서울 도봉구 해등로 305,558세대,5개동,1993년 09월
903,우성3단지,서울특별시,동작구,사당동,105,서울 동작구 동작대로29길 110,855세대,6개동,1993년 12월
905,우성3차,서울특별시,강남구,개포동,652,서울 강남구 개포로 307,405세대,5개동,1984년 12월
906,염창우성3차,서울특별시,강서구,염창동,272-28,서울 강서구 공항대로63길 14,196세대,2개동,1993년 01월
908,우성4차,서울특별시,송파구,잠실동,320,서울 송파구 백제고분로18길 26,555세대,7개동,1983년 08월
909,신길우성4차,서울특별시,영등포구,신길동,102-8,서울 영등포구 영등포로 356,476세대,4개동,1991년 05월
911,우성5차,서울특별시,서초구,서초동,1326-17,서울 서초구 서초대로74길 30,408세대,2개동,1998년 05월
912,신길우성5차,서울특별시,영등포구,신길동,4933,서울 영등포구 도신로 100,321세대,3개동,1993년 10월
914,우성6차,서울특별시,강남구,개포동,658-1,서울 강남구 언주로 3,270세대,8개동,1987년 11월
915,우성8차,서울특별시,강남구,개포동,179,서울 강남구 개포로 411,261세대,3개동,1987년 09월
916,우성9차,서울특별시,강남구,개포동,651-1,서울 강남구 개포로 311,234세대,2개동,1991년 01월
917,우성그린,서울특별시,동대문구,답십리동,989-1,서울 동대문구 답십리로59길 33,496세대,5개동,1997년 05월
918,우성캐릭터199,서울특별시,강남구,도곡동,467-24,서울 강남구 언주로 118,199세대,2개동,1998년 11월
921,우정,서울특별시,동작구,대방동,505,서울 동작구 여의대방로62길 23,206세대,2개동,1999년 01월
922,우정,서울특별시,양천구,신월동,350-3,서울 양천구 지양로15길 24,110세대,2개동,1988년 12월
923,가락우창,서울특별시,송파구,오금동,164,서울 송파구 동남로 272,264세대,4개동,1985년 10월
924,우창,서울특별시,영등포구,신길동,4501,서울 영등포구 여의대방로5길 2,214세대,2개동,1983년 08월
932,유원,서울특별시,도봉구,도봉동,83,서울 도봉구 도봉로180길 50,286세대,3개동,1990년 11월
933,유원목동,서울특별시,양천구,신정동,87-39,서울 양천구 신목로 77,156세대,2개동,1990년 12월
936,유원제일,서울특별시,영등포구,당산동4가,91,서울 영등포구 국회대로29길 13,360세대,5개동,1983년 12월
937,유원제일2차,서울특별시,영등포구,당산동5가,7-2,서울 영등포구 선유동2로 46,410세대,5개동,1984년 09월
946,은마,서울특별시,강남구,대치동,316,서울 강남구 삼성로 212,"4,424세대",28개동,1979년 08월
948,은빛1단지,서울특별시,노원구,상계동,1255,서울 노원구 동일로245길 162,"1,391세대",10개동,1998년 11월
949,은하,서울특별시,영등포구,여의도동,52,서울 영등포구 63로 7,360세대,4개동,1974년 12월
980,워커힐푸르지오,서울특별시,광진구,광장동,148-4,서울 광진구 아차산로78길 10,200세대,2개동,2013년 08월
983,임광3차,서울특별시,서초구,방배동,1011-1,서울 서초구 방배로2길 24-6,316세대,4개동,1988년 04월
986,잠원한신,서울특별시,서초구,잠원동,56-3,서울 서초구 잠원로 148,540세대,7개동,1992년 07월
987,잠원현대,서울특별시,서초구,잠원동,53,서울 서초구 잠원로12길 4,244세대,2개동,1993년 04월
989,장미,서울특별시,영등포구,여의도동,40,서울 영등포구 국제금융로7길 32,196세대,2개동,1978년 06월
1000,점보,서울특별시,용산구,이촌동,300-10,서울 용산구 이촌로 290,144세대,1개동,1974년 07월
1003,제일,서울특별시,동작구,사당동,240-15,서울 동작구 사당로16다길 57,296세대,3개동,1987년 02월
1007,이태원주공,서울특별시,용산구,이태원동,728,서울 용산구 녹사평대로 286,130세대,8개동,1993년 04월
1013,등촌주공10단지,서울특별시,강서구,등촌동,702,서울 강서구 화곡로63가길 71,566세대,5개동,1995년 10월
1020,주공14단지,서울특별시,금천구,독산동,1088,서울 금천구 한내로 69-54,840세대,5개동,1990년 11월
1021,상계주공14단지,서울특별시,노원구,상계동,626,서울 노원구 동일로228길 23,"2,265세대",26개동,1989년 04월
1022,주공17단지,서울특별시,도봉구,창동,38,서울 도봉구 덕릉로66길 17,"1,980세대",11개동,1989년 07월
1023,창동주공18단지,서울특별시,도봉구,창동,30,서울 도봉구 노해로70길 126,910세대,13개동,1988년 11월
1027,주공저층1단지,서울특별시,강동구,둔촌동,170-1,서울 강동구 명일로 38,"1,372세대",47개동,1980년 01월
1028,번동주공1단지,서울특별시,강북구,번동,242,서울 강북구 한천로105길 23,"1,430세대",14개동,1991년 05월
1041,주공저층2단지,서울특별시,강동구,둔촌동,174-1,서울 강동구 양재대로 1340,908세대,36개동,1980년 01월
1042,등촌주공2단지,서울특별시,강서구,등촌동,687,서울 강서구 강서로68길 36,505세대,6개동,1995년 06월
1043,창동주공2단지,서울특별시,도봉구,창동,316,서울 도봉구 해등로12길 44,750세대,5개동,1990년 07월
1050,주공고층3단지,서울특별시,강동구,둔촌동,174-1,서울 강동구 양재대로 1340,"1,480세대",25개동,1980년 12월
1052,등촌주공3단지,서울특별시,강서구,등촌동,688,서울 강서구 강서로56나길 37,"1,016세대",9개동,1995년 10월
1053,창동주공3단지,서울특별시,도봉구,창동,347,서울 도봉구 해등로 50,"2,856세대",32개동,1990년 09월
1061,개포주공4단지,서울특별시,강남구,개포동,189,서울 강남구 삼성로 14,"2,841세대",58개동,1982년 11월
1064,번동주공4단지,서울특별시,강북구,번동,234,서울 강북구 오현로 207,900세대,8개동,1991년 04월
1065,중계주공4단지,서울특별시,노원구,중계동,358-2,서울 노원구 덕릉로76길 29,690세대,5개동,1991년 09월
1066,창동주공4단지,서울특별시,도봉구,창동,380,서울 도봉구 덕릉로 350,"1,710세대",10개동,1991년 11월
1068,중계주공5단지,서울특별시,노원구,중계동,359-1,서울 노원구 중계로 230,"2,328세대",18개동,1992년 04월
1069,잠실주공5단지,서울특별시,송파구,잠실동,27,서울 송파구 송파대로 567,"3,930세대",30개동,1978년 04월
1073,개포주공5단지,서울특별시,강남구,개포동,187,서울 강남구 삼성로4길 17,940세대,6개동,1983년 10월
1075,등촌주공5단지,서울특별시,강서구,등촌동,695,서울 강서구 공항대로39길 74,"1,045세대",9개동,1995년 10월
1077,개포주공6단지,서울특별시,강남구,개포동,185,서울 강남구 개포로 516,1060세대,9개동,1983년 10월
1079,중계주공6단지,서울특별시,노원구,중계동,364-12,서울 노원구 한글비석로8길 41,600세대,4개동,1993년 03월
1083,개포주공7단지,서울특별시,강남구,개포동,185,서울 강남구 개포로 516,900세대,8개동,1983년 10월
1085,중계주공7단지,서울특별시,노원구,중계동,363-1,서울 노원구 한글비석로8길 42,630세대,5개동,1993년 03월
1088,중계주공8단지,서울특별시,노원구,중계동,362-1,서울 노원구 한글비석로5길 62,696세대,6개동,1993년 03월
1106,둔촌하이츠,서울특별시,강동구,둔촌동,545,서울 강동구 명일로 113,232세대,1개동,1998년 05월
1107,명일중앙하이츠,서울특별시,강동구,상일동,476,서울 강동구 구천면로 557,410세대,5개동,1992년 05월
1108,하이츠,서울특별시,성동구,사근동,199,서울 성동구 사근동길 65,270세대,2개동,1989년 09월
1109,중앙하이츠,서울특별시,성북구,석관동,110-2,서울 성북구 한천로76길 73,315세대,3개동,1994년 06월
1111,중앙하이츠,서울특별시,강동구,암사동,493-14,서울 강동구 올림픽로98가길 47,126세대,1개동,1998년 07월
1112,중앙하이츠,서울특별시,노원구,중계동,161-1,서울 노원구 덕릉로84길 7,499세대,5개동,1998년 06월
1114,중앙하이츠,서울특별시,강동구,천호동,305,서울 강동구 구천면로41길 73,226세대,1개동,1998년 12월
1118,진도1차,서울특별시,양천구,목동,935,서울 양천구 목동서로 264,182세대,2개동,1998년 09월
1120,방화진로,서울특별시,강서구,방화동,804,서울 강서구 금낭화로 258,160세대,2개동,1994년 09월
1122,진주,서울특별시,송파구,신천동,20-4,서울 송파구 올림픽로 397,"1,507세대",16개동,1981년 10월
1123,진주,서울특별시,영등포구,여의도동,54-4,서울 영등포구 국제금융로 108-6,380세대,4개동,1977년 06월
1127,진흥,서울특별시,서초구,서초동,1315,서울 서초구 서초대로 385,615세대,7개동,1979년 08월
1130,유원,서울특별시,강동구,천호동,287-9,서울 강동구 상암로12길 20,174세대,1개동,1997년 08월
1135,청구,서울특별시,강남구,삼성동,78-4,서울 강남구 영동대로128길 5,167세대,3개동,1992년 05월
1136,청담아이파크,서울특별시,강남구,청담동,130,서울 강남구 영동대로142길 25,108세대,1개동,2014년 02월
1137,둔촌역청구,서울특별시,강동구,성내동,419-1,서울 강동구 풍성로 194,222세대,2개동,1999년 03월
1138,청구,서울특별시,구로구,고척동,326,서울 구로구 중앙로6길 5-15,448세대,4개동,1999년 06월
1139,청구,서울특별시,노원구,하계동,284,서울 노원구 공릉로 351,660세대,5개동,1988년 10월
1140,청구,서울특별시,도봉구,방학동,734,서울 도봉구 시루봉로 67,978세대,10개동,1995년 06월
1141,쌍문청구,서울특별시,도봉구,쌍문동,195,서울 도봉구 도당로 11,236세대,3개동,1996년 07월
1142,신반포청구,서울특별시,서초구,잠원동,63-2,서울 서초구 신반포로33길 66,347세대,2개동,1998년 01월
1143,청구,서울특별시,양천구,신정동,336,서울 양천구 신목로2길 11,279세대,5개동,1992년 10월
1144,도림청구,서울특별시,영등포구,도림동,221-1,서울 영등포구 도영로7길 5,200세대,1개동,1997년 11월
1145,목동청구한신,서울특별시,양천구,목동,929,서울 양천구 목동서로2길 22,"1,512세대",15개동,1997년 12월
1146,청구3차,서울특별시,노원구,중계동,360-2,서울 노원구 중계로 225,780세대,9개동,1996년 07월
1147,현대,서울특별시,동대문구,청량리동,234-2,서울 동대문구 약령시로21길 30,241세대,3개동,1987년 06월
1159,방화3단지청솔,서울특별시,강서구,방화동,832,서울 강서구 방화대로47길 55,488세대,3개동,1994년 07월
1160,청실,서울특별시,구로구,개봉동,175-8,서울 구로구 경인로40길 25,156세대,1개동,1987년 11월
1162,청화,서울특별시,용산구,이태원동,22-2,서울 용산구 장문로 27,578세대,9개동,1982년 09월
1163,초록,서울특별시,강서구,화곡동,1139,서울 강서구 강서로45다길 30-27,626세대,9개동,1998년 11월
1174,코오롱,서울특별시,노원구,상계동,1281,서울 노원구 노원로26가길 25,215세대,3개동,1997년 12월
1175,코오롱,서울특별시,서초구,우면동,70,서울 서초구 바우뫼로 53,300세대,6개동,1994년 10월
1176,코오롱,서울특별시,성북구,삼선동4가,73,서울 성북구 삼선교로10길 4,437세대,5개동,1999년 11월
1177,대림코오롱,서울특별시,영등포구,대림동,607-1,서울 영등포구 도영로 2-5,481세대,5개동,1998년 10월
1179,크로바,서울특별시,송파구,신천동,17-6,서울 송파구 오금로 45,120세대,2개동,1983년 08월
1195,태진아름,서울특별시,강서구,등촌동,676,서울 강서구 등촌로53길 39,221세대,3개동,1995년 09월
1196,태진한솔,서울특별시,강서구,염창동,263,서울 강서구 공항대로71길 54,356세대,5개동,1994년 10월
1199,씨티,서울특별시,은평구,신사동,297,서울 은평구 가좌로 391,290세대,2개동,1993년 11월
1207,당산쌍용예가클래식,서울특별시,영등포구,당산동3가,559,서울 영등포구 당산로31길 32,284세대,3개동,2010년 07월
1210,마곡청구,서울특별시,강서구,방화동,859,서울 강서구 양천로26길 103,209세대,3개동,1998년 02월
1212,푸른마을,서울특별시,강남구,일원동,719,서울 강남구 일원로14길 25,930세대,11개동,1994년 01월
1214,풍납현대,서울특별시,송파구,풍납동,413-1,서울 송파구 올림픽로 525,708세대,6개동,1995년 11월
1221,풍림1차,서울특별시,서대문구,홍은동,440-3,서울 서대문구 통일로48가길 37,181세대,1개동,1988년 02월
1223,풍림2차,서울특별시,서대문구,홍은동,453-2,서울 서대문구 세검정로1길 35,390세대,3개동,1990년 12월
1227,풍전,서울특별시,용산구,원효로4가,109-4,서울 용산구 원효로25길 14,138세대,4개동,1971년 05월
1229,프라자,서울특별시,강동구,둔촌동,603,서울 강동구 천호대로 1238,354세대,4개동,1984년 12월
1230,프라자,서울특별시,송파구,가락동,199,서울 송파구 동남로18길 40,672세대,11개동,1985년 07월
1233,중앙하이츠,서울특별시,강서구,화곡동,351-89,서울 강서구 강서로17가길 46,473세대,4개동,1988년 12월
1234,한가람,서울특별시,용산구,이촌동,404,서울 용산구 이촌로 201,"2,036세대",19개동,1998년 09월
1237,한강극동,서울특별시,광진구,자양동,57-103,서울 광진구 능동로3길 45,158세대,2개동,1995년 07월
1238,한강극동,서울특별시,송파구,풍납동,508,서울 송파구 토성로 38-6,895세대,9개동,1995년 07월
1239,한강맨션,서울특별시,용산구,이촌동,300-153,서울 용산구 이촌로 248,660세대,23개동,1971년 03월
1240,한강삼성,서울특별시,마포구,토정동,138,서울 마포구 토정로32길 11,456세대,3개동,1997년 10월
1241,성원,서울특별시,광진구,자양동,831-1,서울 광진구 능동로3길 17,140세대,1개동,1997년 08월
1242,한강우성,서울특별시,광진구,자양동,87-1,서울 광진구 능동로1길 15,355세대,2개동,1993년 12월
1243,한강,서울특별시,강서구,가양동,1460,서울 강서구 허준로 23,990세대,11개동,1993년 06월
1244,한강현대,서울특별시,광진구,자양동,829,서울 광진구 능동로 19,204세대,2개동,1993년 11월
1245,한강현대,서울특별시,동작구,흑석동,28,서울 동작구 현충로 151,960세대,13개동,1988년 09월
1246,현대한강,서울특별시,용산구,이촌동,400,서울 용산구 이촌로34길 29,516세대,4개동,1997년 03월
1258,우면한라,서울특별시,서초구,우면동,67,서울 서초구 바우뫼로 31,252세대,7개동,1994년 05월
1259,한라,서울특별시,영등포구,도림동,231-1,서울 영등포구 도신로15다길 33,142세대,1개동,1998년 08월
1262,한마을,서울특별시,구로구,개봉동,476,서울 구로구 경인로 382,"1,983세대",26개동,1999년 04월
1263,한미,서울특별시,강서구,방화동,286-1,서울 강서구 양천로23길 9,220세대,5개동,1988년 09월
1264,한보구암마을,서울특별시,강서구,가양동,1495,서울 강서구 허준로 76,359세대,4개동,1999년 02월
1265,공릉한보,서울특별시,노원구,공릉동,743,서울 노원구 공릉로46길 19,561세대,7개동,2000년 10월
1266,한성,서울특별시,동작구,신대방동,470-8,서울 동작구 여의대방로10길 13,272세대,4개동,1995년 02월
1267,한성,서울특별시,영등포구,신길동,769-1,서울 영등포구 가마산로 575,420세대,5개동,1997년 07월
1279,개포한신,서울특별시,강남구,일원동,615-1,서울 강남구 개포로110길 43,364세대,4개동,1984년 03월
1280,한신,서울특별시,강동구,천호동,237,서울 강동구 구천면로42길 14,224세대,2개동,1991년 03월
1281,구로한신1차,서울특별시,구로구,구로동,642-9,서울 구로구 구일로8길 63,488세대,2개동,1988년 12월
1282,한신,서울특별시,금천구,독산동,1093-4,서울 금천구 한내로 62,"1,000세대",13개동,1991년 08월
1283,한신,서울특별시,노원구,하계동,284,서울 노원구 공릉로 351,"1,200세대",4개동,1988년 10월
1284,도봉한신,서울특별시,도봉구,도봉동,30-1,서울 도봉구 도봉로180나길 33-29,"2,678세대",25개동,1995년 09월
1285,한신,서울특별시,동대문구,장안동,555-1,서울 동대문구 사가정로 245-3,300세대,2개동,1996년 06월
1286,한신,서울특별시,송파구,가락동,102,서울 송파구 송파대로 220,256세대,2개동,1993년 04월
1289,신반포10차,서울특별시,서초구,잠원동,58-16,서울 서초구 나루터로4길 39,876세대,5개동,1981년 04월
1290,신반포11차,서울특별시,서초구,잠원동,58-24,서울 서초구 나루터로4길 61,398세대,4개동,1981년 11월
1291,신반포12차,서울특별시,서초구,잠원동,50-5,서울 서초구 나루터로 37,312세대,3개동,1982년 04월
1292,신반포13차,서울특별시,서초구,잠원동,52-2,서울 서초구 잠원로14길 42,180세대,3개동,1981년 12월
1293,신반포14차,서울특별시,서초구,잠원동,74,서울 서초구 신반포로23길 31,178세대,1개동,1983년 12월
1295,신반포16차,서울특별시,서초구,잠원동,55-12,서울 서초구 잠원로 157,396세대,2개동,1983년 01월
1296,신반포17차,서울특별시,서초구,잠원동,58-22,서울 서초구 나루터로4길 49,216세대,3개동,1983년 06월
1297,신반포18차,서울특별시,서초구,잠원동,49-17,서울 서초구 잠원로 195,182세대,1개동,1982년 04월
1298,신반포19차,서울특별시,서초구,잠원동,61-2,서울 서초구 잠원로8길 20,242세대,2개동,1982년 12월
1299,신반포20차,서울특별시,서초구,잠원동,60-78,서울 서초구 나루터로4길 60,112세대,1개동,1983년 12월
1300,신반포21차,서울특별시,서초구,잠원동,59-10,서울 서초구 신반포로 267,108세대,2개동,1984년 12월
1301,신반포22차,서울특별시,서초구,잠원동,65-33,서울 서초구 잠원로 86,132세대,1개동,1983년 09월
1302,신반포23차,서울특별시,서초구,반포동,1-15,서울 서초구 신반포로19길 6,200세대,1개동,1983년 12월
1304,신반포25차,서울특별시,서초구,잠원동,61-1,서울 서초구 잠원로 136,169세대,2개동,1984년 12월
1306,신반포27차,서울특별시,서초구,잠원동,56-2,서울 서초구 잠원로8길 3,156세대,1개동,1985년 01월
1308,신반포2차,서울특별시,서초구,잠원동,73,서울 서초구 신반포로23길 41,"1,572세대",13개동,1978년 06월
1311,신반포7차,서울특별시,서초구,잠원동,65-32,서울 서초구 잠원로 88,320세대,3개동,1980년 04월
1312,신반포8차,서울특별시,서초구,잠원동,60-3,서울 서초구 나루터로4길 28,864세대,9개동,1981년 03월
1313,신반포9차,서울특별시,서초구,잠원동,60-6,서울 서초구 신반포로33길 30,286세대,2개동,1981년 02월
1314,한신로얄,서울특별시,서초구,잠원동,63-34,서울 서초구 신반포로33길 62,208세대,2개동,1992년 06월
1315,한신무학,서울특별시,성동구,하왕십리동,990,서울 성동구 왕십리로31나길 18,480세대,5개동,1989년 03월
1316,한신서래,서울특별시,서초구,반포동,70-1,서울 서초구 사평대로28길 31,414세대,4개동,1987년 12월
1318,한신코아,서울특별시,송파구,신천동,11-9,서울 송파구 올림픽로35가길 11,492세대,1개동,1988년 12월
1319,잠원훼미리,서울특별시,서초구,잠원동,51,서울 서초구 잠원로 202-11,288세대,3개동,1992년 11월
1320,도곡한신,서울특별시,강남구,도곡동,895-8,서울 강남구 논현로 205,421세대,5개동,1988년 07월
1325,한양,서울특별시,강동구,명일동,54,서울 강동구 동남로71길 19,540세대,6개동,1986년 05월
1326,번동한양,서울특별시,강북구,번동,133-1,서울 강북구 한천로109길 67,261세대,3개동,1992년 11월
1327,한양,서울특별시,노원구,상계동,757,서울 노원구 동일로216길 92,492세대,5개동,1988년 05월
1328,한양,서울특별시,서대문구,홍제동,82,서울 서대문구 통일로25길 30,998세대,10개동,1993년 05월
1330,한양,서울특별시,영등포구,당산동3가,2-6,서울 영등포구 국회대로38길 15,338세대,3개동,1986년 02월
1331,한양,서울특별시,영등포구,여의도동,42,서울 영등포구 국제금융로 79,588세대,8개동,1975년 11월
1332,한양1차,서울특별시,도봉구,쌍문동,388-33,서울 도봉구 노해로40길 72,824세대,8개동,1986년 12월
1333,한양1차,서울특별시,송파구,송파동,119,서울 송파구 가락로 187,576세대,6개동,1983년 12월
1335,한양2차,서울특별시,송파구,송파동,151,서울 송파구 가락로 192,744세대,10개동,1984년 10월
1337,"한양2,3,4차",서울특별시,도봉구,쌍문동,59,서울 도봉구 해등로 229,"1,635세대",9개동,1988년 11월
1338,잠실3차한양,서울특별시,송파구,방이동,225,서울 송파구 양재대로 1089,252세대,3개동,1985년 02월
1339,한양5차,서울특별시,도봉구,쌍문동,59-3,서울 도봉구 해등로25길 36,414세대,3개동,1991년 05월
1340,한양6차,서울특별시,도봉구,쌍문동,59-5,서울 도봉구 시루봉로 56,582세대,6개동,2002년 03월
1341,한양7차,서울특별시,도봉구,쌍문동,158,서울 도봉구 해등로25길 41,408세대,3개동,1993년 09월
1345,우성,서울특별시,강동구,길동,332,서울 강동구 천중로49길 58,162세대,2개동,1989년 10월
1346,현대,서울특별시,영등포구,당산동2가,164,서울 영등포구 당산로 95,783세대,7개동,1994년 06월
1349,행당한진타운,서울특별시,성동구,행당동,346,서울 성동구 행당로 76,"2,123세대",21개동,2000년 11월
1351,한진타운,서울특별시,성동구,성수동1가,704,서울 성동구 뚝섬로 310,378세대,5개동,1994년 04월
1352,한화성원,서울특별시,도봉구,방학동,731,서울 도봉구 방학로 187,336세대,4개동,1996년 04월
1355,한효,서울특별시,구로구,고척동,52-332,서울 구로구 중앙로5길 20,290세대,3개동,1985년 12월
1356,해바라기,서울특별시,관악구,봉천동,1500,서울 관악구 보라매로6길 33,120세대,4개동,1978년 08월
1357,한신,서울특별시,영등포구,양평동5가,76,서울 영등포구 양평로24길 9,"1,215세대",10개동,1996년 04월
1367,현대,서울특별시,중구,신당동,840,서울 중구 다산로36길 109,942세대,10개동,1993년 09월
1370,목동현대1차,서울특별시,양천구,목동,932,서울 양천구 목동동로 240,242세대,3개동,1997년 12월
1371,현대맨숀,서울특별시,용산구,이촌동,301-160,서울 용산구 이촌로 303,653세대,8개동,1974년 05월
1382,현대,서울특별시,강동구,길동,470,서울 강동구 명일로 200-34,264세대,2개동,1996년 08월
1383,현대,서울특별시,강동구,성내동,30-2,서울 강동구 천호옛12길 27,277세대,2개동,1987년 12월
1384,현대,서울특별시,강동구,천호동,168-6,서울 강동구 성안로25길 55,156세대,2개동,1990년 05월
1385,미아현대,서울특별시,강북구,미아동,190-2,서울 강북구 도봉로68길 22,231세대,3개동,1992년 12월
1386,방화현대,서울특별시,강서구,방화동,793,서울 강서구 방화대로37길 26,337세대,3개동,1993년 11월
1387,현대,서울특별시,구로구,신도림동,641,서울 구로구 신도림로19길 16,260세대,5개동,1999년 04월
1388,불암현대,서울특별시,노원구,상계동,1293,서울 노원구 덕릉로118길 29,826세대,5개동,1999년 12월
1389,현대,서울특별시,동작구,사당동,169-32,서울 동작구 사당로13길 86,346세대,3개동,1991년 04월
1390,현대,서울특별시,동작구,신대방동,707,서울 동작구 여의대방로 28,880세대,6개동,1996년 02월
1391,마장현대,서울특별시,성동구,마장동,818,서울 성동구 마장로35길 76,"1,017세대",11개동,1998년 04월
1392,현대,서울특별시,성동구,옥수동,4,서울 성동구 독서당로40길 25,566세대,8개동,1990년 05월
1393,금호현대,서울특별시,성동구,응봉동,98,서울 성동구 독서당로 377,644세대,9개동,1990년 09월
1394,길음현대,서울특별시,성북구,길음동,1277,서울 성북구 길음로13길 11,132세대,1개동,2000년 12월
1395,돈암현대,서울특별시,성북구,돈암동,1,서울 성북구 정릉로 390,619세대,6개동,1991년 06월
1396,현대,서울특별시,송파구,송파동,163-14,서울 송파구 오금로32길 42,243세대,2개동,1997년 05월
1397,현대,서울특별시,송파구,잠실동,331,서울 송파구 백제고분로18길 7,336세대,3개동,1990년 08월
1400,현대,서울특별시,강서구,등촌동,655-27,서울 강서구 공항대로45길 24,170세대,1개동,1995년 07월
1406,현대1차,서울특별시,강남구,개포동,653,서울 강남구 개포로 303,416세대,6개동,1984년 04월
1407,현대,서울특별시,강남구,대치동,992,서울 강남구 영동대로57길 28,120세대,1개동,1990년 04월
1408,도곡현대,서울특별시,강남구,도곡동,961,서울 강남구 도곡로18길 34,211세대,3개동,1994년 12월
1410,현대1차,서울특별시,강동구,둔촌동,30-4,서울 강동구 동남로49길 57,498세대,5개동,1984년 11월
1411,현대1차,서울특별시,강서구,염창동,288,서울 강서구 양천로75길 57,498세대,5개동,1994년 04월
1412,현대우성,서울특별시,노원구,하계동,270,서울 노원구 섬밭로 232,"1,320세대",12개동,1988년 09월
1413,현대,서울특별시,서초구,서초동,1346,서울 서초구 효령로72길 14,412세대,5개동,1989년 12월
1414,현대1차,서울특별시,송파구,거여동,362,서울 송파구 오금로54길 10,497세대,5개동,1992년 03월
1416,현대1차,서울특별시,영등포구,대림동,785-1,서울 영등포구 도신로4길 10,476세대,3개동,1992년 04월
1419,"현대2,3,4차",서울특별시,송파구,오금동,43,서울 송파구 오금로35길 17,"1,316세대",21개동,1984년 12월
1420,구의현대2단지,서울특별시,광진구,구의동,611,서울 광진구 광나루로56길 32,"1,606세대",15개동,1996년 12월
1421,현대2차,서울특별시,영등포구,대림동,785,서울 영등포구 도신로4길 2,280세대,2개동,1992년 11월
1422,신사현대1차,서울특별시,은평구,신사동,359,서울 은평구 은평터널로 164,445세대,5개동,1997년 09월
1429,현대2차,서울특별시,강남구,개포동,654,서울 강남구 언주로 107,558세대,13개동,1986년 01월
1430,현대2차,서울특별시,강남구,청담동,23,서울 강남구 선릉로 748,214세대,2개동,1988년 05월
1431,현대2차,서울특별시,강동구,둔촌동,70-5,서울 강동구 풍성로65길 34,196세대,2개동,1988년 01월
1432,쌍문현대2차,서울특별시,도봉구,쌍문동,50,서울 도봉구 시루봉로6길 53,192세대,2개동,1993년 11월
1433,광장현대3단지,서울특별시,광진구,광장동,484,서울 광진구 광나루로 635,"1,056세대",10개동,1990년 10월
1435,현대3차,서울특별시,강남구,개포동,177,서울 강남구 개포로 409,198세대,5개동,1986년 03월
1436,현대3차,서울특별시,강동구,둔촌동,135-1,서울 강동구 진황도로 211,160세대,1개동,1988년 06월
1437,상계현대3차,서울특별시,노원구,상계동,1063,서울 노원구 수락산로 234,494세대,6개동,1999년 04월
1438,현대3차,서울특별시,송파구,거여동,46,서울 송파구 거마로 41,303세대,3개동,1993년 07월
1439,현대3차,서울특별시,영등포구,당산동4가,88,서울 영등포구 당산로41길 17,509세대,6개동,1988년 12월
1440,현대3차,서울특별시,영등포구,대림동,608-1,서울 영등포구 도신로 31,"1,162세대",7개동,1997년 10월
1443,현대4차,서울특별시,강남구,일원동,614,서울 강남구 개포로110길 21,142세대,1개동,1987년 02월
1444,둔촌현대4차,서울특별시,강동구,둔촌동,89,서울 강동구 진황도로 185,235세대,2개동,1996년 02월
1445,상계현대4차,서울특별시,노원구,상계동,1271,서울 노원구 동일로231다길 23,106세대,1개동,1995년 07월
1446,현대2차,서울특별시,영등포구,양평동3가,79-4,서울 영등포구 선유동2로 29,312세대,3개동,1990년 08월
1449,광장현대5단지,서울특별시,광진구,광장동,554-7,서울 광진구 아차산로70길 61,581세대,6개동,1989년 04월
1451,현대5차,서울특별시,송파구,가락동,161-2,서울 송파구 오금로 370,210세대,3개동,1986년 12월
1453,현대6단지,서울특별시,광진구,구의동,610,서울 광진구 구의강변로 94,421세대,3개동,1994년 04월
1454,현대6차,서울특별시,노원구,중계동,37,서울 노원구 중계로8길 20,453세대,5개동,1999년 05월
1455,가락현대6차,서울특별시,송파구,가락동,55,서울 송파구 송이로19길 8,160세대,2개동,1991년 12월
1456,구의조합현대7단지,서울특별시,광진구,구의동,587-54,서울 광진구 구의강변로3가길 33,273세대,3개동,1997년 12월
1458,현대8단지,서울특별시,광진구,광장동,565,서울 광진구 아차산로 522,537세대,3개동,1995년 03월
1459,현대9단지,서울특별시,광진구,광장동,576,서울 광진구 아차산로 503,437세대,5개동,1999년 04월
1460,현대,서울특별시,금천구,시흥동,209,서울 금천구 금하로23라길 31,197세대,1개동,1996년 06월
1461,현대그린,서울특별시,강남구,도곡동,964,서울 강남구 논현로51길 25,171세대,1개동,2006년 10월
1462,현대그린,서울특별시,서대문구,홍제동,455,서울 서대문구 세무서2길 64,240세대,2개동,1996년 07월
1463,구로현대,서울특별시,구로구,구로동,701-76,서울 구로구 가마산로 97,139세대,1개동,1987년 06월
1465,현대,서울특별시,구로구,구로동,685-147,서울 구로구 구일로10길 53,290세대,2개동,1987년 10월
1466,현대연예인,서울특별시,구로구,구로동,685-70,서울 구로구 구일로4길 46,735세대,6개동,1989년 08월
1468,명일현대,서울특별시,강동구,명일동,251-1,서울 강동구 구천면로 458,226세대,2개동,1988년 10월
1470,현대프라임,서울특별시,광진구,구의동,631-1,서울 광진구 광나루로56길 29,"1,592세대",15개동,1997년 03월
1476,홍익,서울특별시,은평구,신사동,19-117,서울 은평구 가좌로 342,114세대,1개동,1995년 12월
1477,홍제원현대,서울특별시,서대문구,홍제동,459,서울 서대문구 세무서2길 60,939세대,15개동,2000년 06월
1478,화랑,서울특별시,영등포구,여의도동,40-4,서울 영등포구 국제금융로7가길 21,160세대,3개동,1977년 12월
1498,올림픽훼밀리타운,서울특별시,송파구,문정동,150,서울 송파구 중대로 24,"4,494세대",56개동,1988년 12월
1504,현대5차,서울특별시,노원구,중계동,49,서울 노원구 중계로8길 39,268세대,3개동,1998년 12월
1505,서강GS,서울특별시,마포구,신정동,30,서울 마포구 창전로 26,538세대,6개동,1999년 07월
1506,명일LG,서울특별시,강동구,명일동,332,서울 강동구 상암로51길 61,772세대,2개동,1999년 12월
1511,구로롯데,서울특별시,구로구,구로동,1263,서울 구로구 새말로 31,718세대,11개동,1999년 11월
1519,신도림현대,서울특별시,구로구,구로동,560,서울 구로구 새말로9길 45,450세대,3개동,1994년 01월
1600,우성,서울특별시,구로구,구로동,1058,서울 구로구 구일로8길 31,297세대,3개동,1995년 11월
1601,한국현대,서울특별시,구로구,구로동,642-39,서울 구로구 구일로8길 107,105세대,1개동,1994년 05월
1610,구일우성,서울특별시,구로구,구로동,1259,서울 구로구 구일로2길 60,829세대,10개동,1998년 05월
1617,서광,서울특별시,강남구,삼성동,2,서울 강남구 선릉로130길 19,304세대,2개동,1998년 11월
1618,수서한아름,서울특별시,강남구,수서동,712,서울 강남구 광평로51길 22,498세대,7개동,1993년 11월
1619,미성1차,서울특별시,강남구,압구정동,414,서울 강남구 압구정로11길 17,322세대,3개동,1982년 11월
1620,미성2차,서울특별시,강남구,압구정동,397,서울 강남구 압구정로 113,911세대,9개동,1987년 12월
1621,한양1차,서울특별시,강남구,압구정동,490,서울 강남구 압구정로 321,936세대,10개동,1977년 12월
1622,한양3차,서울특별시,강남구,압구정동,489,서울 강남구 압구정로 321,312세대,5개동,1978년 11월
1623,한양5차,서울특별시,강남구,압구정동,513,서울 강남구 압구정로 401,343세대,4개동,1979년 11월
1624,일원우성7차,서울특별시,강남구,일원동,615,서울 강남구 개포로110길 15,802세대,15개동,1987년 12월
1625,수서1단지,서울특별시,강남구,일원동,711,서울 강남구 양재대로55길 10,"2,934세대",21개동,1992년 11월
1626,가람,서울특별시,강남구,일원동,735,서울 강남구 일원로 127,496세대,13개동,1993년 03월
1627,한솔,서울특별시,강남구,일원동,731,서울 강남구 광평로10길 6,570세대,19개동,1994년 06월
1628,청담공원삼성,서울특별시,강남구,청담동,60,서울 강남구 도산대로96길 39,391세대,8개동,1999년 08월
1629,청담현대3차,서울특별시,강남구,청담동,127-31,서울 강남구 도산대로101길 29,317세대,4개동,1999년 06월
1891,삼익그린맨션2차,서울특별시,강동구,명일동,15,서울 강동구 고덕로 210,"2,400세대",18개동,1983년 12월
1892,고덕주공9단지,서울특별시,강동구,명일동,257,서울 강동구 구천면로 476,"1,320세대",14개동,1985년 11월
2086,한강현대,서울특별시,강동구,암사동,442-1,서울 강동구 올림픽로104길 36,417세대,3개동,1999년 05월
2087,천호삼성,서울특별시,강동구,천호동,528,서울 강동구 성안로25길 6,643세대,4개동,1997년 05월
2088,천호태영,서울특별시,강동구,천호동,566,서울 강동구 천호대로 1055,649세대,6개동,1999년 11월
2169,번동솔그린,서울특별시,강북구,번동,136,서울 강북구 오현로20길 62,380세대,4개동,1999년 09월
2170,기산그린,서울특별시,강북구,번동,191,서울 강북구 월계로37길 129,263세대,2개동,2000년 02월
2171,번동동문,서울특별시,강북구,번동,657,서울 강북구 오현로 128,167세대,3개동,1998년 08월
2172,신원,서울특별시,강북구,번동,204,서울 강북구 월계로37길 87-5,285세대,3개동,2000년 06월
2173,번동한진,서울특별시,강북구,번동,658,서울 강북구 월계로37길 61,202세대,2개동,2000년 12월
2259,강나루현대,서울특별시,강서구,가양동,448-1,서울 강서구 양천로 507,642세대,9개동,1999년 03월
2260,강변,서울특별시,강서구,가양동,1475,서울 강서구 허준로 139,"1,556세대",12개동,1992년 12월
2261,우방,서울특별시,강서구,가양동,448-9,서울 강서구 양천로 521,137세대,1개동,1999년 03월
2262,가양중앙하이츠,서울특별시,강서구,가양동,1467,서울 강서구 허준로 55-20,164세대,3개동,1999년 04월
2263,한사랑삼성2차,서울특별시,강서구,등촌동,634-2,서울 강서구 공항대로59길 64,339세대,5개동,1999년 06월
2311,등촌서광,서울특별시,강서구,등촌동,638,서울 강서구 공항대로45길 68-6,430세대,6개동,1999년 04월
2313,등촌코오롱,서울특별시,강서구,등촌동,642,서울 강서구 화곡로66길 90,191세대,1개동,1999년 06월
2314,한사랑삼성1차,서울특별시,강서구,등촌동,632-4,서울 강서구 양천로66길 6,244세대,3개동,1997년 12월
2316,등촌주공8단지,서울특별시,강서구,등촌동,707,서울 강서구 공항대로43길 104,445세대,5개동,1994년 11월
2317,태영,서울특별시,강서구,등촌동,632-2,서울 강서구 양천로 590,186세대,3개동,1998년 06월
2318,벽산,서울특별시,강서구,마곡동,429,서울 강서구 양천로47길 118,479세대,8개동,1999년 06월
2349,한숲마을대림,서울특별시,강서구,방화동,862,서울 강서구 방화대로50길 7,206세대,3개동,1999년 08월
2350,도시개발12단지,서울특별시,강서구,방화동,852,서울 강서구 양천로6길 28,930세대,8개동,1994년 05월
2351,장미,서울특별시,강서구,방화동,841,서울 강서구 양천로 125,387세대,3개동,1994년 07월
2405,염창현대2차,서울특별시,강서구,염창동,249-11,서울 강서구 양천로73길 6,106세대,1개동,1993년 12월
2436,성현동아,서울특별시,관악구,봉천동,1703,서울 관악구 관악로 285,"1,261세대",10개동,2000년 05월
2437,봉천우성,서울특별시,관악구,봉천동,1706,서울 관악구 관악로30길 12,"1,597세대",8개동,2000년 12월
2457,신림동부,서울특별시,관악구,신림동,1695,서울 관악구 신원로 26,592세대,4개동,1993년 07월
2458,현대,서울특별시,관악구,신림동,255-189,서울 관악구 대학20길 27,336세대,5개동,1991년 10월
2487,로얄동아,서울특별시,광진구,자양동,644,서울 광진구 뚝섬로52마길 56,322세대,4개동,1999년 09월
2488,자양5차현대,서울특별시,광진구,자양동,642,서울 광진구 뚝섬로54길 74,271세대,3개동,1998년 06월
2489,한라,서울특별시,광진구,자양동,762,서울 광진구 뚝섬로33길 20,329세대,2개동,1996년 08월
2490,대동,서울특별시,광진구,자양동,784-1,서울 광진구 뚝섬로31길 11,314세대,4개동,1999년 03월
2491,우성1차,서울특별시,광진구,자양동,579,서울 광진구 뚝섬로 569,656세대,6개동,1988년 09월
2492,우성7차,서울특별시,광진구,자양동,783-1,서울 광진구 아차산로36길 35,625세대,5개동,1998년 07월
2493,자양한양,서울특별시,광진구,자양동,695,서울 광진구 구의강변로 11,444세대,6개동,1983년 05월
2494,자양현대3차,서울특별시,광진구,자양동,670,서울 광진구 뚝섬로56가길 10,439세대,2개동,1996년 12월
2537,개봉한진타운,서울특별시,구로구,개봉동,478,서울 구로구 개봉로3길 87,"1,371세대",13개동,2000년 01월
2573,동아한신,서울특별시,구로구,고척동,327,서울 구로구 중앙로6길 17,355세대,4개동,2000년 04월
2574,산업인,서울특별시,구로구,고척동,57-9,서울 구로구 경인로47다길 43,342세대,10개동,1976년 07월
2575,센츄리,서울특별시,구로구,고척동,320,서울 구로구 중앙로12길 12,391세대,5개동,1994년 03월
2576,구로두산,서울특별시,구로구,구로동,1265,서울 구로구 도림로 59,"1,285세대",10개동,1998년 11월
2598,극동,서울특별시,구로구,구로동,314,서울 구로구 구로중앙로7길 28,493세대,4개동,1984년 12월
2599,구로현대,서울특별시,구로구,구로동,1256,서울 구로구 디지털로 319,591세대,5개동,1992년 05월
2600,럭키,서울특별시,구로구,구로동,1257,서울 구로구 도림로 107,427세대,2개동,1992년 06월
2601,보광,서울특별시,구로구,구로동,440,서울 구로구 가마산로 231,340세대,9개동,1984년 06월
2615,현대,서울특별시,구로구,구로동,74-30,서울 구로구 구로중앙로18길 68,397세대,3개동,1988년 06월
2616,이화우성,서울특별시,구로구,구로동,1260,서울 구로구 도림로22길 8,497세대,5개동,1998년 07월
2617,구로주공1차,서울특별시,구로구,구로동,685-222,서울 구로구 구일로4길 65,"1,400세대",13개동,1986년 06월
2618,중앙하이츠,서울특별시,구로구,구로동,685-124,서울 구로구 구일로8길 92,579세대,6개동,1987년 11월
2643,"신도림대림1,2차",서울특별시,구로구,신도림동,642,서울 구로구 신도림로 16,"2,298세대",27개동,1999년 11월
2644,신도림동아1차,서울특별시,구로구,신도림동,643,서울 구로구 신도림로 87,"1,095세대",11개동,1999년 11월
2680,동부골든,서울특별시,구로구,오류동,338,서울 구로구 고척로 49,"1,236세대",10개동,1998년 12월
2681,벽산1단지,서울특별시,금천구,시흥동,1010,서울 금천구 금하로 793,"2,336세대",16개동,2000년 02월
2720,비선,서울특별시,노원구,공릉동,109,서울 노원구 화랑로51길 78,700세대,7개동,1999년 07월
2721,태강,서울특별시,노원구,공릉동,81,서울 노원구 공릉로34길 38,"1,676세대",21개동,1999년 07월
2722,공릉우성아파트,서울특별시,노원구,공릉동,738,서울 노원구 동일로198길 10,363세대,3개동,1995년 12월
2759,동신,서울특별시,노원구,공릉동,745,서울 노원구 공릉로 211,452세대,6개동,1999년 12월
2760,공릉2단지라이프,서울특별시,노원구,공릉동,707,서울 노원구 동일로198가길 149,660세대,4개동,1994년 12월
2761,공릉3단지라이프,서울특별시,노원구,공릉동,715,서울 노원구 섬밭로 123,840세대,4개동,1994년 12월
2762,북부현대,서울특별시,노원구,상계동,1273,서울 노원구 동일로237바길 17,105세대,1개동,1996년 02월
2763,성림,서울특별시,노원구,상계동,1320,서울 노원구 덕릉로127길 25,240세대,2개동,2006년 06월
2764,대동청솔,서울특별시,노원구,상계동,1284,서울 노원구 상계로26길 20,358세대,3개동,2001년 05월
2765,상계대림,서울특별시,노원구,상계동,172,서울 노원구 상계로 193-14,675세대,5개동,1989년 08월
2766,미주동방벽운,서울특별시,노원구,상계동,1265,서울 노원구 동일로250길 18,492세대,12개동,2000년 06월
2767,미도,서울특별시,노원구,상계동,766-1,서울 노원구 덕릉로 459-14,600세대,3개동,1988년 04월
2768,벽산,서울특별시,노원구,상계동,173-1,서울 노원구 한글비석로 396,"1,590세대",9개동,1989년 05월
2769,한강대우,서울특별시,용산구,이촌동,415,서울 용산구 이촌로 181,834세대,10개동,2000년 03월
2770,리버힐삼성,서울특별시,용산구,산천동,193,서울 용산구 효창원로 17,"1,102세대",14개동,2001년 01월
2771,한강타운,서울특별시,용산구,산천동,204,서울 용산구 새창로8길 157,289세대,3개동,2001년 02월
2772,강변삼성스위트,서울특별시,용산구,원효로4가,178,서울 용산구 원효로2가 70-2,300세대,3개동,1999년 12월
2773,강촌,서울특별시,용산구,이촌동,402,서울 용산구 이촌로81길 14,"1,001세대",9개동,1998년 01월
2774,경향파크,서울특별시,은평구,구산동,162-1,서울 은평구 갈현로15길 53,171세대,2개동,1989년 11월
2775,용마금호타운,서울특별시,중랑구,면목동,494,서울 중랑구 용마산로 348,440세대,5개동,1992년 12월
2776,용마한신,서울특별시,중랑구,면목동,1077-1,서울 중랑구 사가정로71길 19,565세대,4개동,1990년 06월
2777,면목한신,서울특별시,중랑구,면목동,193-1,서울 중랑구 동일로101길 63,"1,362세대",10개동,1987년 12월
2778,면목현대,서울특별시,중랑구,면목동,1502,서울 중랑구 용마산로 252,626세대,4개동,1994년 09월
2779,신내4단지,서울특별시,중랑구,묵동,13,서울 중랑구 숙선옹주로 85,"1,070세대",12개동,1996년 06월
2780,신내5단지두산대림,서울특별시,중랑구,묵동,20,서울 중랑구 신내로15길 196,"1,244세대",28개동,1995년 12월
2781,동부,서울특별시,중랑구,상봉동,495,서울 중랑구 신내로7가길 31,368세대,2개동,1999년 04월
2782,건영1차,서울특별시,중랑구,상봉동,1,서울 중랑구 봉화산로48길 62,408세대,4개동,1997년 08월
2783,건영2차,서울특별시,중랑구,상봉동,63,서울 중랑구 신내로7나길 24,"1,113세대",14개동,1996년 11월
2784,LG쌍용,서울특별시,중랑구,상봉동,484,서울 중랑구 봉화산로 130,858세대,9개동,1996년 03월
2803,불암동아,서울특별시,노원구,상계동,1285,서울 노원구 덕릉로 780,673세대,5개동,1999년 11월
2804,상계현대1차,서울특별시,노원구,상계동,1055,서울 노원구 동일로237길 37,353세대,4개동,1993년 04월
2805,상계현대2차,서울특별시,노원구,상계동,1078,서울 노원구 동일로231길 86,465세대,4개동,1993년 12월
2806,상계신동아,서울특별시,노원구,상계동,463,서울 노원구 한글비석로52길 54,385세대,3개동,1995년 06월
2807,임광,서울특별시,노원구,상계동,694,서울 노원구 노원로 547,420세대,4개동,1989년 05월
2808,두산,서울특별시,노원구,상계동,1110,서울 노원구 동일로241길 53,763세대,11개동,1994년 10월
2809,상계주공10단지,서울특별시,노원구,상계동,666,서울 노원구 노원로 564,"2,654세대",27개동,1988년 09월
2810,상계주공11단지,서울특별시,노원구,상계동,652,서울 노원구 동일로227길 25,"1,944세대",16개동,1988년 09월
2811,상계주공12단지,서울특별시,노원구,상계동,647,서울 노원구 한글비석로 530,"1,739세대",15개동,1988년 10월
2812,이촌코오롱,서울특별시,용산구,이촌동,412,서울 용산구 이촌로81길 34,834세대,10개동,1999년 11월
2813,우방,서울특별시,은평구,증산동,244,서울 은평구 증산로3길 26-1,429세대,3개동,2000년 03월
2814,아남,서울특별시,종로구,명륜2가,4,서울 종로구 창경궁로 265,436세대,3개동,1995년 12월
2815,무악현대,서울특별시,종로구,무악동,82,서울 종로구 통일로 246-10,964세대,12개동,2000년 10월
2816,창신쌍용2단지,서울특별시,종로구,창신동,703,서울 종로구 낙산길 196,919세대,7개동,1993년 10월
2817,남산타운,서울특별시,중구,신당동,844,서울 중구 다산로 32,"5,150세대",42개동,2002년 05월
2818,약수하이츠,서울특별시,중구,신당동,842,서울 중구 동호로10길 30,"2,282세대",19개동,1999년 07월
2819,신당삼성,서울특별시,중구,신당동,843,서울 중구 청구로1길 23,994세대,14개동,1999년 12월
2820,"동성1,2차",서울특별시,중랑구,신내동,397,서울 중랑구 신내로 126,"1,047세대",9개동,1993년 02월
2821,동성3차,서울특별시,중랑구,신내동,618,서울 중랑구 봉화산로 203,800세대,6개동,1997년 05월
2822,신내11단지대명,서울특별시,중랑구,신내동,661,서울 중랑구 봉화산로 189,804세대,6개동,1996년 03월
2823,신내6단지시영,서울특별시,중랑구,신내동,650,서울 중랑구 신내로17길 83,"1,609세대",16개동,1996년 03월
2824,신내9단지진흥,서울특별시,중랑구,신내동,657,서울 중랑구 신내로 127,"1,650세대",12개동,1996년 06월
2825,신내7단지진로,서울특별시,중랑구,신내동,654,서울 중랑구 신내로17길 39,818세대,17개동,1995년 12월
2826,중앙하이츠,서울특별시,중랑구,신내동,479,서울 중랑구 봉화산로56길 123,704세대,5개동,1996년 03월
2827,한신,서울특별시,중랑구,중화동,450,서울 중랑구 동일로 752,"1,544세대",9개동,1997년 10월
2840,상계주공13단지,서울특별시,노원구,상계동,637,서울 노원구 한글비석로54길 92,939세대,9개동,1989년 04월
2841,상계주공16단지,서울특별시,노원구,상계동,624,서울 노원구 동일로227길 26,"2,392세대",18개동,1988년 09월
2842,상계주공2단지,서울특별시,노원구,상계동,746-5,서울 노원구 동일로 1355,"2,029세대",23개동,1987년 11월
2843,상계주공3단지,서울특별시,노원구,상계동,730-2,서울 노원구 동일로 1383,"2,213세대",26개동,1987년 11월
2844,코오롱,서울특별시,송파구,방이동,215,서울 송파구 오금로31길 27,758세대,6개동,1991년 10월
2845,올림픽선수기자촌,서울특별시,송파구,방이동,89,서울 송파구 양재대로 1218,"5,539세대",122개동,1988년 06월
2846,현대리버빌1지구,서울특별시,송파구,풍납동,260,서울 송파구 토성로 37,557세대,7개동,1999년 11월
2847,현대리버빌2지구,서울특별시,송파구,풍납동,261,서울 송파구 풍성로24길 42,384세대,4개동,1999년 11월
2848,신정현대5차,서울특별시,양천구,신정동,1273,서울 양천구 신정로 300,363세대,5개동,1999년 11월
2849,목동우성2차,서울특별시,양천구,신정동,337-2,서울 양천구 목동남로4길 6-23,"1,140세대",15개동,2000년 03월
2850,목동현대,서울특별시,양천구,신정동,1279,서울 양천구 목동동로12길 60,"2,078세대",10개동,1997년 07월
2851,강마을삼성,서울특별시,영등포구,당산동,374,서울 영등포구 당산로54길 11,348세대,4개동,1995년 05월
2852,진로,서울특별시,영등포구,당산동1가,16-1,서울 영등포구 ,461세대,4개동,1997년 08월
2853,한강,서울특별시,영등포구,당산동4가,29,서울 영등포구 ,265세대,2개동,1999년 09월
2854,문래공원한신,서울특별시,영등포구,문래동3가,77-2,서울 영등포구 문래로20길 14,367세대,2개동,1988년 07월
2855,남성맨션,서울특별시,영등포구,문래동2가,35,서울 영등포구 ,390세대,2개동,1983년 05월
2856,대원,서울특별시,영등포구,문래동6가,47-1,서울 영등포구 경인로82길 14,218세대,3개동,1998년 10월
2857,문래두산위브,서울특별시,영등포구,문래동5가,14,서울 영등포구 영신로25길 11,383세대,3개동,1988년 11월
2858,문래미원,서울특별시,영등포구,문래동6가,54,서울 영등포구 ,170세대,2개동,1996년 09월
2859,유원,서울특별시,영등포구,문래동6가,11-1,서울 영등포구 도림로 423,134세대,1개동,1991년 06월
2860,진주맨션,서울특별시,영등포구,문래동5가,22,서울 영등포구 ,160세대,3개동,1984년 08월
2861,현대3차,서울특별시,영등포구,문래동5가,21,서울 영등포구 ,166세대,2개동,1991년 11월
2862,현대5차,서울특별시,영등포구,문래동5가,23-1,서울 영등포구 경인로 778,282세대,2개동,1992년 05월
2863,문래현대6차,서울특별시,영등포구,문래동6가,55-1,서울 영등포구 ,270세대,2개동,1997년 07월
2864,베어스타운,서울특별시,영등포구,문래동6가,38-1,서울 영등포구 ,304세대,2개동,1997년 05월
2865,삼성래미안,서울특별시,영등포구,양평동2가,38-1,서울 영등포구 영등포로3길 7,388세대,5개동,1998년 07월
2866,삼천리,서울특별시,영등포구,양평동3가,24,서울 영등포구 영등포로6길 26,179세대,2개동,2000년 06월
2868,한솔,서울특별시,영등포구,양평동6가,99,서울 영등포구 선유로 110,219세대,2개동,1999년 09월
2869,공작,서울특별시,영등포구,여의도동,21-2,서울 영등포구 여의대로6길 17,373세대,4개동,1976년 08월
2870,상계주공4단지,서울특별시,노원구,상계동,749-5,서울 노원구 동일로 1356,"2,136세대",17개동,1988년 05월
2871,상계주공5단지,서울특별시,노원구,상계동,721,서울 노원구 동일로216길 47,840세대,19개동,1987년 11월
2872,상계주공6단지,서울특별시,노원구,상계동,728-3,서울 노원구 동일로 1384,"2,646세대",28개동,1988년 05월
2873,상계주공7단지,서울특별시,노원구,상계동,691,서울 노원구 상계로1길 92,"2,634세대",21개동,1988년 07월
2874,상계주공8단지,서울특별시,노원구,상계동,677,서울 노원구 노원로38길 10,830세대,18개동,1988년 05월
2875,상계주공9단지,서울특별시,노원구,상계동,670,서울 노원구 노원로 532,"2,830세대",23개동,1988년 10월
2876,문정푸르지오1차,서울특별시,송파구,문정동,18,서울 송파구 문정로 55,233세대,4개동,1999년 10월
2877,강변현대,서울특별시,송파구,풍납동,299-1,서울 송파구 한가람로 402,104세대,1개동,1991년 10월
2878,극동,서울특별시,송파구,풍납동,391,서울 송파구 강동대로9길 8,415세대,4개동,1987년 12월
2879,대아,서울특별시,송파구,풍납동,163,서울 송파구 올림픽로51길 30,140세대,1개동,1998년 03월
2880,동아한가람,서울특별시,송파구,풍납동,507,서울 송파구 한가람로 448,782세대,7개동,1995년 09월
2882,씨티극동,서울특별시,송파구,풍납동,509,서울 송파구 한가람로 478,442세대,3개동,1998년 05월
2883,토성현대,서울특별시,송파구,풍납동,251-2,서울 송파구 풍성로14길 19,132세대,1개동,1986년 07월
2884,현대,서울특별시,양천구,신정동,1252,서울 양천구 신목로 23,217세대,1개동,1995년 07월
2885,현대5차,서울특별시,영등포구,당산동4가,30-1,서울 영등포구 ,976세대,13개동,2000년 03월
2886,당산효성1차,서울특별시,영등포구,당산동5가,12,서울 영등포구 ,480세대,6개동,1999년 12월
2887,우성1차,서울특별시,영등포구,대림동,762-1,서울 영등포구 도림로 187,435세대,4개동,1985년 11월
2888,남서울,서울특별시,영등포구,신길동,3573,서울 영등포구 신길로 108,518세대,13개동,1974년 12월
2889,거성파스텔,서울특별시,영등포구,양평동3가,90-1,서울 영등포구 ,532세대,7개동,1999년 05월
2890,경남아너스빌1차,서울특별시,영등포구,양평동3가,55-1,서울 영등포구 선유로33길 22,179세대,1개동,1998년 07월
2891,상계중앙하이츠1차,서울특별시,노원구,상계동,1279,서울 노원구 노원로28길 15,437세대,2개동,1997년 10월
2892,한신1차,서울특별시,노원구,상계동,135,서울 노원구 한글비석로46가길 16,420세대,4개동,1987년 03월
2893,월계대우,서울특별시,노원구,월계동,775,서울 노원구 초안산로5길 22,344세대,7개동,1998년 07월
2894,월계주공2단지,서울특별시,노원구,월계동,556,서울 노원구 월계로 325,"2,002세대",16개동,1992년 10월
2895,청백3단지,서울특별시,노원구,월계동,780,서울 노원구 월계로45가길 89,458세대,4개동,1998년 08월
2896,청백4단지,서울특별시,노원구,월계동,781,서울 노원구 월계로45가길 94,520세대,4개동,1998년 08월
2897,사슴3단지,서울특별시,노원구,월계동,320-11,서울 노원구 월계로55길 15,884세대,5개동,1995년 06월
2898,유원하나,서울특별시,서대문구,홍제동,454,서울 서대문구 세검정로 134,704세대,6개동,1996년 08월
2899,청구1차,서울특별시,서대문구,홍제동,453,서울 서대문구 통일로 348,862세대,14개동,1994년 06월
2900,삼호4차,서울특별시,서초구,방배동,725,서울 서초구 방배로 268,481세대,6개동,1983년 05월
2901,방배현대홈타운1차,서울특별시,서초구,방배동,1344,서울 서초구 서초대로1길 30,644세대,8개동,1999년 11월
2902,신동아1차,서울특별시,서초구,서초동,1333,서울 서초구 사임당로 137,893세대,6개동,1978년 12월
2903,신반포4차,서울특별시,서초구,잠원동,70,서울 서초구 잠원로 37-48,"1,212세대",12개동,1979년 10월
2904,현대그린,서울특별시,성동구,성수동1가,33-2,서울 성동구 뚝섬로3길 6,219세대,1개동,1994년 02월
2905,청구강변,서울특별시,성동구,성수동2가,712,서울 성동구 ,293세대,2개동,1994년 04월
2906,극동그린,서울특별시,성동구,옥수동,436,서울 성동구 독서당로 173,583세대,5개동,1997년 10월
2907,옥수삼성,서울특별시,성동구,옥수동,250,서울 성동구 독서당로 218,"1,444세대",11개동,1999년 04월
2908,옥수하이츠,서울특별시,성동구,옥수동,100,서울 성동구 한림말길 48,774세대,10개동,1998년 03월
2909,한남하이츠,서울특별시,성동구,옥수동,220-1,서울 성동구 독서당로 156,535세대,8개동,1982년 09월
2910,신안파크,서울특별시,성북구,길음동,635-168,서울 성북구 길음로 141,252세대,3개동,1988년 11월
2911,동소문현대,서울특별시,성북구,돈암동,630,서울 성북구 아리랑로5길 50-8,141세대,2개동,1994년 07월
2912,범양,서울특별시,성북구,돈암동,631,서울 성북구 정릉로 402-16,499세대,5개동,1998년 12월
2913,돈암삼성,서울특별시,성북구,돈암동,15-1,서울 성북구 동소문로34길 24,"1,278세대",7개동,1999년 04월
2914,돈암풍림,서울특별시,성북구,돈암동,632,서울 성북구 북악산로 913,460세대,5개동,1999년 05월
2915,한신한진,서울특별시,성북구,돈암동,609-1,서울 성북구 성북로4길 52,"4,509세대",31개동,1998년 07월
2916,미륭,서울특별시,송파구,가락동,138,서울 송파구 동남로 169,435세대,4개동,1986년 11월
2917,가락쌍용2차,서울특별시,송파구,가락동,21-6,서울 송파구 송이로15길 31,492세대,5개동,1999년 10월
2918,가락우성1차,서울특별시,송파구,가락동,96-1,서울 송파구 송파대로32길 8,839세대,7개동,1986년 12월
2919,성원4단지,서울특별시,노원구,월계동,322-1,서울 노원구 마들로3길 37,713세대,6개동,1995년 06월
2920,초안1단지,서울특별시,노원구,월계동,923,서울 노원구 덕릉로60길 185,410세대,3개동,1998년 04월
2921,대림벽산,서울특별시,노원구,중계동,363,서울 노원구 한글비석로8길 16,400세대,6개동,1993년 06월
2922,중계무지개,서울특별시,노원구,중계동,513,서울 노원구 동일로208길 19,"2,433세대",14개동,1991년 11월
2923,삼성,서울특별시,노원구,중계동,593,서울 노원구 중계로14나길 25,478세대,7개동,1999년 10월
